package_path	private_sha256	published_sha256	reason
model/g0e_armc_b16_96x112_cd0_aug_s20260908_24k.pt	c6955192067c8df1f46960f4803b32eac1c037b84a0f40de3b265b739d85fab8	9cf16eae9dfaa9d1ecabbeda922fe066be60c08541f57f1e9b346a0467aafa35	checkpoint derivative: 3 private path strings in `args` rewritten (args/out, args/ckpt, args/cache_dir); all 244 model tensors, the optimizer state, the RNG states, the step and every other argument verified equal to the as-trained file
model/g0e_armc_b16_96x112_cd0_aug_s20260908_24k.pubproto_eval.json	871fa6096d7bc9c464b86d4983e3ce9330f933f272df3294dc9ee2e25e796496	4f690865e28f8a2386f90bf69c0d528aef3557950e37a1317b5030fd31da8e09	alias rule and path redaction (REDACTION.md)
model/ladder/g0e_armc_b12_96x112_cd0_aug_s20260907_24k/pubproto_eval.json	938b5f8f0d3b19bb6caa9f8e61e72c6e3ef2d7b764da28a380b633b23cdeb268	0b587633aea18b9cd0451a54015373d213f9234a397b80d3449070271026d3ae	alias rule and path redaction (REDACTION.md)
model/ladder/g0e_armc_b12_96x112_cd0_aug_s20260908_24k/pubproto_eval.json	3df29b479954007d82061faa5917486b4e9d19b4a7da711dffe209cd9aba3157	6e65ccdae03542347f347bb6ef36698ff936217d337d3f71c687deb95d85f73f	alias rule and path redaction (REDACTION.md)
model/ladder/g0e_armc_b16_48x56_cd0_aug_s20260907_24k/pubproto_eval.json	dad58bd25f427a3ffd62deb353c3a6a114ab644e79c611720a5d5027f542cae1	032dc7d2a2396aa629d49559d2cd0e124ade50870b7d129698c4528f5623956a	alias rule and path redaction (REDACTION.md)
model/ladder/g0e_armc_b16_48x56_cd0_aug_s20260908_24k/pubproto_eval.json	ae72d56a41a09438372dce97e849ac992b36f18ed1affb1b869e2d0f7c34a1f9	65bc0539de90eddbb097443eb110a80f80e8133b623fa7bfdaa52237a9d13c3e	alias rule and path redaction (REDACTION.md)
model/ladder/g0e_armc_b16_96x112_cd0_aug_s20260907_24k/pubproto_eval.json	3adb9112a248e7b19c9bc7ad9ca2b04c8f8bad2ea56e2398c9555d2b0955f2e4	cbea3ca7a699418d330eafff5e74e683e1c6bdce662ae0d2e6becddccc0cbc77	alias rule and path redaction (REDACTION.md)
model/ladder/g0e_armc_b16_96x112_cd0_aug_s20260907_48k/pubproto_eval.json	12ab7bc72bc37f4b0f8831d96bd9fc19bbf7e1a01c845ee5bd1a4fe95484640e	f82c9d6dc9805011f477dd8e322815af009e5b03f7b736687167212c157f3a96	alias rule and path redaction (REDACTION.md)
model/ladder/g0e_armc_b16_96x112_cd0_aug_s20260908_24k/pubproto_eval.json	7e637ebb33d26add6ee79711d0d9093d6ba187577e5adb5bd6802d47ecc626f4	d47b3e970a41f2ded5ae4d5603aa9f2fc11fe5fa0c81772bf7e531c9b634d7ef	alias rule and path redaction (REDACTION.md)
model/ladder/g0e_armc_b16_96x112_cd0_aug_s20260909_24k/pubproto_eval.json	e43e8212ab0d92edad2c2bb87e3c42e8e0b630d0d7f0b88ae79596c79b207862	c5d8efd1eb42a76e47947dff8a83498be5e0fe154eb6371441704e0627934ca3	alias rule and path redaction (REDACTION.md)
model/ladder/g0f_armc_b12_48x56_cd0_aug_s20260907_48k/pubproto_eval.json	1347e2ebfd564a55bc1dd005553153c4156dd48736d6c8630dca42b802256ed1	430ce02deb6c85b0a0c9817d34d88e347a49f24c75a116bcbf94be453920e594	alias rule and path redaction (REDACTION.md)
model/ladder/g0f_armc_b12_96x112_cd0_aug_s20260907_48k/pubproto_eval.json	db5d4443e84b5e1f973358cf650133ff9c05d635d7bd2f233a02a6d143d51e69	2534fe19cf5938170aca4fcbcecfd56d31390f73816e05c03e7db42f6c93d5e3	alias rule and path redaction (REDACTION.md)
model/ladder/g0f_armc_b12_96x112_cd0_aug_s20260909_24k/pubproto_eval.json	702a8a1c19d2d9b16fd3e3295562d16dfea9a4354ba62d735a6a239219ed888b	707fb3c2fbdea7e4e74d810ccb71781e2b490541fdcbb6b06217c5a06e6adf1b	alias rule and path redaction (REDACTION.md)
model/ladder/g0f_armc_b16_48x56_cd0_aug_s20260907_48k/pubproto_eval.json	9148bda05342d6c6e0bb2032d26f25c2e67972f3922e07c0e10de3883676edce	2e2176c2a87bd807317a62f081ebb4f67daa3648a966306bcb0baae709e00e4c	alias rule and path redaction (REDACTION.md)
model/ladder/g0f_armc_b16_96x112_cd0_aug_s20260907_96k/pubproto_eval.json	8cfacbc934181d7214d628621059596caa54312c678f1a84f57bd291ba58734f	805b109126fdbcedc90d068faf5dec68cd625d6301973492a40f5a3d8458185e	alias rule and path redaction (REDACTION.md)
model/ladder/g0f_armc_b8_48x56_cd0_aug_s20260907_96k/pubproto_eval.json	b631414194a4d5f27b3755a9fee42a62385bb3e98c8aaed5272700579a4d62f4	97b067505f01ca9df2aec2c748ab03489e8aae30323514fc46fb9d18a8df6ed4	alias rule and path redaction (REDACTION.md)
model/ladder/g0f_armc_b8_96x112_cd0_aug_s20260907_48k/pubproto_eval.json	fc346e03ce7cc9e8f2f8ce89f7e44f78371acb2ed74860103f9b8d5fde9f63c7	9e094fedea5c994c60ec246391a84d98932d88789699a47e80a3cd63594d4a63	alias rule and path redaction (REDACTION.md)
model/ladder/g0f_armc_b8_96x112_cd0_aug_s20260907_96k/pubproto_eval.json	105c547d262f6fa2d1c2e234b4b8f34483b358bb20c5ecab88f5beab85ba2049	4224019ae84cfed34db3aa7baf95404d13b07529ecac173412d110c04a118c64	alias rule and path redaction (REDACTION.md)
oracle/agreement.py	3430cafbb602ceff12cce4fa248f43832ed4c662a580d6f317f531bbf0e63859	bdb48b51fc559043115709d6b2110801acc7cd2ee2417d53f682ea9ed0023d23	alias rule and path redaction (REDACTION.md)
oracle/final/AGREEMENT.md	28d8764dea2e45f5997a077cf5f9fb3696a7acf81b0e5005e68ca39f16d3c0a3	78d7c48e63f753f90f072aa6d5b7a3802231f66b34ff62fa6789de0da7095a3b	alias rule and path redaction (REDACTION.md)
oracle/final/FREEZE_SUMMARY.md	2ef85bc9a31393f30143ebda65cf85001e93c63e41d12f9495fd585cad5c9f61	7139b161abaa2e6059a0070f7d710c1a234feb8c9a388c63c6fb9951dc4765b4	alias rule and path redaction (REDACTION.md)
oracle/final/README_FINAL.md	e00b3b84b4b8e265a14529b19c9705b9cee3093106484d9716ab4b5f99635cc5	0e121f955dc8bee70def8f989ffe8d3e046a0c01aa78f904ade6c0b0e7f8c97e	alias rule and path redaction (REDACTION.md)
oracle/final/agreement.json	db5e42e68f412dadecb4923a571bca1caa71535893574cfa5437c704b3dc838e	f9869c7045facc8c9f889edf36fe5e3e451b402aace4e19845d80d90cf99986c	alias rule and path redaction (REDACTION.md)
oracle/final/agreement_int16.json	7d3bfe5d6eab7a25e321b3a3a5b9419f32abef786b5d90bd0414908e21165c21	cd5da15ce4512b3cabaf4b762159dc737cc719482e91b732144de5179fff15ee	alias rule and path redaction (REDACTION.md)
oracle/final/agreement_int16_august.json	a59d59a08a4603d101070003ea0c268c99c0dbeb24af1e7f6a7a05b53e00f6d2	d578a16c57878c1dcdc9f3657e1253ef46891e0fc8472e07e54bac8470b71f35	alias rule and path redaction (REDACTION.md)
oracle/final/agreement_int8.json	39dc2c2ccda177d83beab95af226c5e87944e2cffe41ec33e2fc058d7b8c4947	1638e9c9983a07b552ab86b14954a58e1c2798ed7a4f929f40cc9daf49366329	alias rule and path redaction (REDACTION.md)
oracle/final/agreement_int8_august.json	3b37812ae8b8ce6d0cbc4e99f805fb6bd4ffd8bee3aa1597e14bd5c7e53b8724	726aeda79af3d9151413210cc23f3ef71f244c7923fbb391d47203f61db038e6	alias rule and path redaction (REDACTION.md)
oracle/final/august_inputs/manifest.json	3e69c6cdb094ac67d105ff8703a0d7791966d0007e1e66e41e837ca081db841d	95fcf7ec41b2ee644e0f4d4e8323523a9a5b988d9f6ba135b9341259d02e1840	alias rule and path redaction (REDACTION.md)
oracle/final/constants_int16.json	af077d12e5e6167f353e5c894df766d585b87633dae69c6dffb304f19b782013	7d2ce6b207cc0b280dd446e6095db24f9cc191271bd44b6b8dabca1978dd4d79	alias rule and path redaction (REDACTION.md)
oracle/final/constants_int8.json	4273010715749fd02080d17e28926ecc16b0c3d5de937822be4143885e8915ba	f26280cf50db600ebce0d32eb2c2bc902a9cf0aa89ce5a609fa94308712af78c	alias rule and path redaction (REDACTION.md)
oracle/final/fixtures/manifest.json	52ab243cfa38873eb9f0197de3856420da1aa590398210164f2308fad0b1efaf	bb04671fb8ceec712c7b3fd089d767e3cc4faeb03b24e39418530a0d9dbfaeb7	alias rule and path redaction (REDACTION.md)
oracle/final/float_repro.json	aebfe95bf643c9d2b4517875acdcfd49922ba7d735541679f31f2bad8107cfe0	be78ab5359d4eb8a6e2aa6e3dc33e078f73a14e6ed8f621750d4a6274c912ad3	alias rule and path redaction (REDACTION.md)
oracle/final/positive_control.json	6d7b6fd9bca917a6ffc6b8847ece672b3ae2226302359ede37338019e289c076	e906b75b2dd8427faf2bf1645dd55910452bfba02236e9a703d83f15e3ea4e88	alias rule and path redaction (REDACTION.md)
oracle/final/runlogs/agreement_int16.log	89d764d532afe6a0976ed2d6a2887d7d20ec203980b77761e43f1549c505a172	c31a9bc5f5886b05c8a93f5fc370ceea7bdd68e435d83c612af06f846d183dad	alias rule and path redaction (REDACTION.md)
oracle/final/runlogs/agreement_int16_august.log	7fab5d6b092c5126bd7774535fdd838de8a2edfdece047278f4ed343944df2b4	dcd47e159b8e48b13858c852d82cfadb2d615cdc9dca0ae551293abde04097c6	alias rule and path redaction (REDACTION.md)
oracle/final/runlogs/agreement_int16_august_supplement.log	2f08497a03a5ba716204f3654db4636630f31a42ebfd50024437196271eba450	6327f062ca005d49f9a911422963da2f3ecd8707e54eb759d5d21f91bf5693a1	alias rule and path redaction (REDACTION.md)
oracle/final/runlogs/agreement_int16_august_supplement2.log	710af168eb5082c00a3fd455bc39d11c0d2e7a82190612c96356f0971d608df9	aa71f2feb25144ed50b38952d82a22c14c7047dd4afd8e7da2b0ee5d20adc85b	alias rule and path redaction (REDACTION.md)
oracle/final/runlogs/agreement_int8.log	9dfe7733e00719e41579bd110bd951a2bdca6d7f44c8d49b24d4dd4009cff612	a6926cbabab563d623042ac39794cb3692fcef44ce005568cbe18373113a98a8	alias rule and path redaction (REDACTION.md)
oracle/final/runlogs/agreement_int8_august.log	c29448dfaa1b04a0ae91d85b210f4d02bbbdce93dd364bc91b0cce835aff0c57	40d902167be47b1531c1e0319f158c08f4da0072af9e64b6d329495335d29196	alias rule and path redaction (REDACTION.md)
oracle/final/runlogs/agreement_int8_august_supplement.log	1609b464b2f8735c9f89790876224d5948807481da8a40d54116bbc1b00b6cde	388dc37f3f78be27a9d5900c6f566824535f4c272f53b1b930d3bee1f33a2fe7	alias rule and path redaction (REDACTION.md)
oracle/final/runlogs/agreement_int8_august_supplement2.log	b7c5fe059b5cfa57c37e5848778641111e1ceae08d603e53d2e7e7573965c485	aceae41bbb20c4af8ebc82154bf59d37b8af2f9351bf72b3522ce24a0bffcd07	alias rule and path redaction (REDACTION.md)
oracle/final/runlogs/august_inputs.log	5eae76f659247e342fd580433ae93e1f68ca4cb56f5324c59e83527947a65a22	eb62bcd5e091ce8f15657b35fc129384639d7e165534b3b357a46c7019dd3ec6	alias rule and path redaction (REDACTION.md)
oracle/final/runlogs/fixtures.log	e37a14703bb7aefe8711a14223647368aa3040d2963c7ee305646c9075de4d1d	a0a25a03424c82efbe029fa883db787f84f1ba21b03fcda909e653929c2ec375	alias rule and path redaction (REDACTION.md)
oracle/final/runlogs/float_repro.log	2e4d9f3d49e3e6d79c86495cd60dfcd30ba58beaa6fac7c7f7eecede21b35fed	701db2f1d5b6a410147bdf7a721c15f97c0322cfa7c037c80be9f68681634b46	alias rule and path redaction (REDACTION.md)
oracle/final/runlogs/positive_control.log	4460a8e326fd6879a2093b0f20c167b5b51d50cb97d7ebef58935c1b2fb7b767	49941f1d5a91f6e1e09d5c25a5b534e9675d9b96ac69f08a0cc2aabc078da8c7	alias rule and path redaction (REDACTION.md)
oracle/final/runlogs/report.log	6ec21da27a0ad5759fcc1a0bb74c1003ecf7cf6a4890c9d19f073acdc3d00609	2ac33849682c08eed9ac8fcb4963120cb7e48f554196a85369ef962402f7b9e3	alias rule and path redaction (REDACTION.md)
oracle/final/runlogs/summary.log	6b58ad99410f17f6a6d1e5bbc574484e386577d23ec696cb6e9f7ee363501981	20e691f343ffcf006f23d46e799204597fe1448fd2f6c37d8ff659fdf73b5e9f	alias rule and path redaction (REDACTION.md)
oracle/final/runlogs/vectors_int16.log	f63373bf599e25c0e03be857d708cfb01c194debc5748486958e0573761bf646	fb88c1a8d44781f1c990ed918e323fbf8c5654ac9596b4c18bb881b0267d5f20	alias rule and path redaction (REDACTION.md)
oracle/final/runlogs/vectors_int8.log	8f8c4006d98d9f9bc8b9124b41631c3441442beb5faed2da414c23737f4c14fa	7057bcb1322f938a1f664ebde76a5414b7ff8a79986a3ae31a08ace0e9055898	alias rule and path redaction (REDACTION.md)
oracle/final/vectors/vectors_int16_august_650_correct.json	172728c675e12e58032c3ea48e2eba2d781b1d790fceeea9d0c72d79fe0553b5	1f1b1d3000898a075a895fa0d1ae46e79328d0a6995649e7a6e2faf9d3adf056	alias rule and path redaction (REDACTION.md)
oracle/final/vectors/vectors_int16_august_650_wrong_p2.json	809e5427aa4a4e8203a8eea8c4b2a385a5299d1f91c9b6f0b1dd1dc2956e42e8	61f2b058dac82f878b38f160b2e11f5cba8d1eaa23081a1f6fabfd7506f24174	alias rule and path redaction (REDACTION.md)
oracle/final/vectors/vectors_int16_d2_1328_correct.json	a40edc98e6cae32e6baa7685439ce7cd42c470f93b1666d8586b93b85f9c69a8	5d7ccb803efa0f415f40c97407c9dac1f77414b5720908d7bd7b710aac70777d	alias rule and path redaction (REDACTION.md)
oracle/final/vectors/vectors_int16_d2_1328_wrong_p2.json	ea870fdaa37102069ea737770ac5506c9f9f6ba95a88828cf1d268915c2929a8	acf9819f7070c71348b4f717ca3bc6002dcb1500d8d9b94596cc35da87085a50	alias rule and path redaction (REDACTION.md)
oracle/final/vectors/vectors_int8_august_650_correct.json	1ac303443099186940db969fb4df36ccb1f8a9288f1f610d57481cc0788d8763	38f84395b7708be99ef1593945bea1f49166cf84a299b41d6af9ecff2c8a3e39	alias rule and path redaction (REDACTION.md)
oracle/final/vectors/vectors_int8_august_650_wrong_p2.json	d9aec6563a604bac3fc6f61d5a7941f2caa48dbb464c5d9814bf1332e0f8899c	61f4f4eb87b65c04b25f2a9b620e8da3a11d90268bfd73911be1e74e628efe4a	alias rule and path redaction (REDACTION.md)
oracle/final/vectors/vectors_int8_d2_1328_correct.json	f6ee77c37c8649ceffbcaa84404fe70b13657c90f8df3bc1b4a8fca61f6d72f5	a9198deef5cbc117cb17ba2d0b8422f22be69a85a1d5b589abb49e20d8a93754	alias rule and path redaction (REDACTION.md)
oracle/final/vectors/vectors_int8_d2_1328_wrong_p2.json	54196814d6e58ba628629f51697098a50940a9d0669d26ce826c8b63f5bd3ca3	6131cbd5c9ef04c6ae1c1a7985436cfc93e4e867263c314069a599576dfd2d24	alias rule and path redaction (REDACTION.md)
oracle/freeze_artifact.sh	36b7e1c9e12baf660f965e4e6575f483a65908f355efe99cc3a7107ff5700c12	f8af736ed382aca1e82756948af4e93c05552092738aad5eec9ccd84ed19b257	alias rule and path redaction (REDACTION.md)
oracle/rows/files.txt	50b08839184b5c5002f5e8480345e9716a6d7cdf050ab41bc2a6173b9a33e291	3564a110b9440adf90fc78c1711ab7c91058f25c283e6a89e2f791af3e326342	data-layer text record: path redaction and the private cache prefix removed
oracle/rows_august/files.txt	9024c6c02cf1a9ad872cbe7eeebed287477240fb408fd23556d5525df8f13e6b	7e4d48c3314ad844fa30369d97c10359f819e10202f9e1f05bda73a3333a1141	data-layer text record: path redaction and the private cache prefix removed
oracle/rows_august/files_extra.txt	ba7517feb9b5cfed6f4bb72ea5ef486488d5d44d640469581796787451f37455	637ddc3d03100c84273c2e83cf22f2de1d470b1b8de8824102fecd9c25e36876	data-layer text record: path redaction and the private cache prefix removed
oracle/trainer/phase_g/zk_unet.py	a2d74d163c00e2d541e716d5fd62f628ccd6b04436029222f6d5b4a440d27fcc	6ce4080dc5709bdf10a663b1761b4afae2106901fc312b87f877dbbfcbe3b6dc	alias rule and path redaction (REDACTION.md)
oracle/trainer/train_lean.py	7b0b5c7f7508d295df70a325e2d7fb194dd827e090e7a0133f27c3dc83e20314	b7530c467f62ef02507bc44f0cc9c32dad5c0eeeb81dc0f89dbf0c5777603eea	alias rule and path redaction (REDACTION.md)
source/CYCLES.md	149a15a1fdb42376be6e3dbbf8c16538d550728fc65bd32ea5966497a840b653	f2e61db36b861e26d4d1daa993bf37f28f038f23a220b939a79bafaa7fc59191	alias rule and path redaction (REDACTION.md)
source/FULL_GUEST.md	8abb88d1627c5a11dae12ed2465a972f82bc4a6038bb7923e2c68d65efc4a3c7	abb947fd77492cacfaa0f58b15ca6e0d5ebcd5f87aeb1503d300833f493d0697	alias rule and path redaction (REDACTION.md)
source/REFERENCE_PINS_G2D.txt	2ed952ee863e58835e99f2b8920ca3a00e29b2a65555dd213552d04304923683	209580602b9a01389891a4a425924773d7262e9eeb6e33a3c92b651f4b101989	alias rule and path redaction (REDACTION.md)
source/armc-relation/RELATION.md	5f3b7a536d40efbdf07d3b122c91c3bf7e85ee9ede54ff93c08ca58ccad067b9	0093923d0d097e87d0c9902b813510b6c94d0d170e6d919a762db9ffbdb55607	alias rule and path redaction (REDACTION.md)
source/armc-relation/b3xof/PROVENANCE.md	39fed1d42ee0856c21d8625e4df7182502bfec9f8906ca1fa35ccd0a1b4ba797	d7359e3772039b8286b2bccf2587dcca17211cc70f27c393d66461b0a54615da	alias rule and path redaction (REDACTION.md)
source/armc-relation/build_reproducible.sh	911baa0c210268e4db05533df7e987a9abd4ea2a4841436047f51b1ef3453ac8	04aed4c165f370ff08d23925f77082c8b79d7b78cee763f0d049c779c08012a2	alias rule and path redaction (REDACTION.md)
source/armc-relation/relation/src/frame.rs	6fc2b6fc45f5dcef608d52b4bb6371a8c80ea7b2cc299e4f46a215877aae949c	850328181593f2e193d2302942673f8cc9d198da2b12ecb452eec547e6ccb9da	alias rule and path redaction (REDACTION.md)
source/armc-relation/relation/tests/vectors.rs	75f1d7a848adfced94b9ae357e4178facc652210af55a231c95bed0927afb1e4	ae7382972be01b932cc6dea1e4803db6421d0a6a12615e92d006a666f7862d35	alias rule and path redaction (REDACTION.md)
source/armc-relation/runs/batch_execute_r5_20260907.log	588bc7fc2428ed46b73867c66bb4e12f3531fe71639022a9f056d330a52d5315	526c8b7156895ae3121890507c9b4d722e6a7444fa31b594e07a9ab978ea63f8	alias rule and path redaction (REDACTION.md)
source/armc-relation/runs/batch_execute_r5_20260907/BATCH_MANIFEST.json	74598aa981f5933948b51da719f8bc737aeeda9e1732d0f9c74e4516b6bb0d49	b8f88b75b8b14d2cedc91f38fe2aecd638f82869ca962427403d6d12ed35d49c	alias rule and path redaction (REDACTION.md)
source/armc-relation/runs/batch_execute_r5_20260907/row_000600/receipt.json	726de276cc7d90f4268f1077a194101b907c31e373caae7548f693348e80eac1	fcb18a9120368235ab71297502cf0bf75e77d6e336db197d6055511dbed79f5d	alias rule and path redaction (REDACTION.md)
source/armc-relation/runs/batch_execute_r5_20260907/row_000601/receipt.json	4f6de0427869a53f77b322c3ea5d7ab0a9a77212838f7d64e95858c50998ede9	e435062b9edaf72edceea70c755a62d0d93c315307d8968f0c2d6311e0d86107	alias rule and path redaction (REDACTION.md)
source/armc-relation/runs/batch_execute_r5_20260907/row_000602/receipt.json	6ae1509e7d7a9985ceb7ab18aaf702a1eb391124c4fddc356b03ff30e8f11c0d	50c445f86a54da5861a5310d1d1fa30e73298052654e00eda66ca73c6c0bae9b	alias rule and path redaction (REDACTION.md)
source/armc-relation/runs/batch_execute_r5_20260907/row_000603/receipt.json	793c604b9e2dce45e40f99bfd6358c3b26512c990bb3f0d047104b084db1f921	d1e2d263e06e65dce25670e8d6c0c86915d5b0166c6992b46193f921e662f196	alias rule and path redaction (REDACTION.md)
source/armc-relation/runs/batch_prepare_r5_20260907.log	436eacd4329e35ede3d3d6fc3638a21dd57886e9996f96356eb924cd0433d74c	aea5448e338edcbec32e8dd7fc27492ae63a7748761e79c1504fbfe73b20c8f8	alias rule and path redaction (REDACTION.md)
source/armc-relation/runs/batch_prepare_r5_20260907/BATCH_MANIFEST.json	6098b89cde10947d6d4d86973c6655a67d91f84e1d618b84010ffd2c60711aff	2f95b8e139055da71b919be98f903b4e752f2fb487d4e71a6b9b7397a36100b1	alias rule and path redaction (REDACTION.md)
source/armc-relation/runs/batch_prepare_r5_20260907/row_000600/receipt.json	b906620c4ca772a2055ade703418350769713765700a7b4c6b59c3a77bca127f	c913a729372eaa2965ee2f5a8a334dc19441d13b338c26514a984d2719bf6a03	alias rule and path redaction (REDACTION.md)
source/armc-relation/runs/batch_prepare_r5_20260907/row_000601/receipt.json	b7ecd0514c2d06109a569bacac24a8ed5a104affe7eba20bd0adc8191c34e960	ebfd676bbf8a0df31d4a5d398c6f07738e4419455161aa89fd13dfd8ca3ba36d	alias rule and path redaction (REDACTION.md)
source/armc-relation/runs/batch_prepare_r5_20260907/row_000602/receipt.json	f8dc746f43a106ea75aaac465c8f6178712705160a21227b8742c03bf3f6f804	27c0075904cd026c41a3d755674afcf3523cf278df322433265797b4350d963b	alias rule and path redaction (REDACTION.md)
source/armc-relation/runs/batch_prepare_r5_20260907/row_000603/receipt.json	002c0a6bf18d84ab55a014bdc303b36a1b07a50f0fe5a650dbe9f00f4e18b488	38ae572c3eda4a75171f6fab1ad8bf4fb6e373b3f3d13c68c991ad800e9e1738	alias rule and path redaction (REDACTION.md)
source/armc-relation/runs/batch_prepare_r5_20260907/row_000604/receipt.json	439f049145d032470f5c5db162c0bb0ae0f2c3501bd9115f52e9c57b3ec042a8	4821d5c68055d256a16eefe4bf0151afef417e81fdbea1a0b6afcef1ed739f0b	alias rule and path redaction (REDACTION.md)
source/armc-relation/runs/batch_prepare_r5_20260907/row_000605/receipt.json	e28c1ddc9286b063a66bc072ed3184f65701181878b4b74672d33c5ea1b20a58	aab69ec21e91fb23088c3275a80b2c157fb013853636f8d3b4b3064e8d5bbcbf	alias rule and path redaction (REDACTION.md)
source/armc-relation/runs/batch_prepare_r5_20260907/row_000606/receipt.json	f07e859186921f0bc04bfa08a38ba030e75fb0d498b685933792a2644cd6a775	acfd86ba8fbb4a77431be7187274346089e0527b20fc59821da38965a03739f0	alias rule and path redaction (REDACTION.md)
source/armc-relation/runs/batch_prepare_r5_20260907/row_000607/receipt.json	bd646cbad4316ab19643ff769068b3e42bc201d253c1db24d7f5dcf541333072	5fedd08313d1e3779691db2e89d125c6935feb7de838d40f8749050a1bc260a7	alias rule and path redaction (REDACTION.md)
source/armc-relation/runs/batch_prepare_r5_20260907/row_000608/receipt.json	8a9ddba73979d01af3551a8c2fa27575be075bd01a55c1a82c835af4bbc6600a	411dd7a96da1dc92e97c1020c0410e997d6528905c6df9f8c01cdbc224b3e2f7	alias rule and path redaction (REDACTION.md)
source/armc-relation/runs/batch_prepare_r5_20260907/row_000609/receipt.json	b5c5eeb3b2c19c18a297adffca587c0c8c4b43bdcd62902f6f951b34140f1e51	6df365087b74c460649c91583e114aed9d352975f9eac9c6109db929ac0a86ab	alias rule and path redaction (REDACTION.md)
source/armc-relation/runs/batch_prepare_r5_20260907/row_000610/receipt.json	5c64149fb184322aefa37eeb958958bd2b204d816edf2ba8f93a3abc0daf4102	80bd720a6449900839b72e7f3f16c8818c87216260352c9e8542c1d4b809da5f	alias rule and path redaction (REDACTION.md)
source/armc-relation/runs/batch_prepare_r5_20260907/row_000611/receipt.json	c680f274729faab490ea878993e973f36b8dc6a95a0da6805094eec08fdd8ecd	c5588d9cd8ae17438e2cda0a698667f6a347a5acc93b9b90df474005392a30f3	alias rule and path redaction (REDACTION.md)
source/armc-relation/runs/batch_prepare_r5_20260907/row_000612/receipt.json	6e9eb5b34d29731405499acd23977fd982c758970d17d91c61301006cd9c7e22	5bdf4473de74f2dce9132786e58a45d8fa1d7e80fc6cf97dbb7a0a53901ca93a	alias rule and path redaction (REDACTION.md)
source/armc-relation/runs/batch_prepare_r5_20260907/row_000613/receipt.json	df28f4c2ee097f8d427f061a72ac56c9e49a0fa21d68e24afac68a4c273dc64b	fa5fd7f3c478feaae4b7e44be7d6e1e8c2f1ff172ca7fd6e87ce8d1348a89408	alias rule and path redaction (REDACTION.md)
source/armc-relation/runs/batch_prepare_r5_20260907/row_000614/receipt.json	e34b43df59dda5b5b469bba7cea66c6ee21eb3c8b3d0dc3686d40292a4bde32e	66addbd5c41a40c108d8c515995cc3d871c668068fb7c6c5ff08cdb45538ab05	alias rule and path redaction (REDACTION.md)
source/armc-relation/runs/batch_prepare_r5_20260907/row_000615/receipt.json	9d0b1763041cc0d841b17da451ce7b930d104f215bd2904b858d81e356c1d89e	b81fb7e52100184fd5377d48eff8bf79fb8d163ae51f3d0e06d06936867d4fa9	alias rule and path redaction (REDACTION.md)
source/armc-relation/runs/batch_prepare_r5_20260907/row_000616/receipt.json	06c6a4b48b08201c5195b9e7a278da99417482d3367ef0b9f08614407e51c870	aef2a538efb9e1cb896c0612a6984da5f2d3568d838f4dc79cf54c7dcfe0339b	alias rule and path redaction (REDACTION.md)
source/armc-relation/runs/batch_prepare_r5_20260907/row_000617/receipt.json	532ac2ab4ba440fbcd613a667c62b1f6961021bf2f0c63633c0649201f83bd7f	23e9fe945668c77d7a1d386a5fc342444667c7028756bade433a1317dfb5da4b	alias rule and path redaction (REDACTION.md)
source/armc-relation/runs/batch_prepare_r5_20260907/row_000618/receipt.json	ef347b2bb8fcf58f7236d9e4a1c52d8ce9bf3fd027e3b71023c1265afaf0dda3	ae6354b1857be1e752dc5863ae7b122c4b3937495068bb05b6735a9145a12d39	alias rule and path redaction (REDACTION.md)
source/armc-relation/runs/batch_prepare_r5_20260907/row_000619/receipt.json	776b23e2070665d960329a510efcba5bc751b686bf79c5ca2c767c612cdec5f8	231a18cbeaace3de57f0b714485eb92d27e5aba606e2328862da194c9d27ae6c	alias rule and path redaction (REDACTION.md)
source/armc-relation/runs/batch_prepare_r5_20260907/row_000620/receipt.json	569e14390b8776c27decad0a595370f1373488750c068b6fa5eaa7532de3723c	5a5159de61cea6a51d2ba9d797444fb70729ed568fa10ffce424fc570afb282d	alias rule and path redaction (REDACTION.md)
source/armc-relation/runs/batch_prepare_r5_20260907/row_000621/receipt.json	0974526216bf35ee3c2d8eae3c625854614245328403cbb9586f02fb5afcb86f	29fdf4689cdd1d06cc01e7daae4e8d06c6c85bab130e1a2cb50c2bbd1daef5a8	alias rule and path redaction (REDACTION.md)
source/armc-relation/runs/batch_prepare_r5_20260907/row_000622/receipt.json	416324c4412db903163eb53183809532f570bfecebf591de9604ce3dba34ea9f	660f7e85c6cb8decc5592fca644ae541894f2c272e40ad9e50b6b2d27670571b	alias rule and path redaction (REDACTION.md)
source/armc-relation/runs/batch_prepare_r5_20260907/row_000623/receipt.json	429c7afb02c92fefd5390c320309a04790c10df00d12e203d2125651d4e23d33	38278a6532a71adeeb3ebe355d11455462508b966cb35563d9cde4f81de27a19	alias rule and path redaction (REDACTION.md)
source/armc-relation/runs/batch_prepare_r5_20260907/row_000624/receipt.json	f9fe8505bffa3248e10876108a6e974cc0c9a3c6decebc482e8d2602340cda2c	7c4085bcbb314848b23b252e504e6ad35febb2297abe6c9ba865702455de3320	alias rule and path redaction (REDACTION.md)
source/armc-relation/runs/batch_prepare_r5_20260907/row_000625/receipt.json	7f49e6879d5c6ffb0b0675d4c38aeb9c6e9de21ca86effea649153b331d1f567	a65529e8ac365037bdd6bae6c18f62fc5ad7d5f8ca85ec83bca9a5c06d2e715b	alias rule and path redaction (REDACTION.md)
source/armc-relation/runs/batch_prepare_r5_20260907/row_000626/receipt.json	d0494b860e552101fea2468aa72bb3834c58a19a5398a7408baffebde4f51343	2114ec51f8cda95aa1ca1ddca5303fb573067dbe8097ee6aece91dd4a7136229	alias rule and path redaction (REDACTION.md)
source/armc-relation/runs/batch_prepare_r5_20260907/row_000627/receipt.json	2f32c49ba1e6813f1dfbbf8051b86348b9ef4d5b05feddd45f52ea490aa996e2	1723ce5602e2f42659606add7321010fc55d78a596ba5ec7be3a6a0283710090	alias rule and path redaction (REDACTION.md)
source/armc-relation/runs/batch_prepare_r5_20260907/row_000628/receipt.json	c5eeb4bd438232e6587e01b1d845008e8abe4618fb718b514649b14f061eedc5	ce2bc80c403424b58ea287d0ec31b5d50edc217d61e2c46ff77171b6305fedf7	alias rule and path redaction (REDACTION.md)
source/armc-relation/runs/batch_prepare_r5_20260907/row_000629/receipt.json	638976233ce399d86c313654193f1aaab0bdb732f6c26dd67864ad571e260f14	a2121a6f9010cfe70a8c6306f66096dbb7a4c6997e1c440a545604d898a64bfb	alias rule and path redaction (REDACTION.md)
source/armc-relation/runs/batch_prepare_r5_20260907/row_000630/receipt.json	192d36d119f92ac7d2528b8c45d6de15bbcd353b961a5064fb7327501ad1a270	34eccf5dca41063c83eb69a6a9b9ef77a12df3bbfe354a28c2e769a28a048aad	alias rule and path redaction (REDACTION.md)
source/armc-relation/runs/batch_prepare_r5_20260907/row_000631/receipt.json	29db4cdb7c0a0a0a5242699a22592e913f538f47202e2d73d175e86419ee2b4d	a3ccb5493c3ee44894e400c981436c6fcdc9680f3d179e55061eab78d5b77881	alias rule and path redaction (REDACTION.md)
source/armc-relation/runs/batch_prepare_r5_20260907/row_000632/receipt.json	ab7f7f0d82da9d2dc2e27295a792554e4aad8fca34147f5dc6854a96863490c5	e4421aadbb2bd724e4681270e531cfb6e0f44baa6d246c81c5a09f1a20cdef57	alias rule and path redaction (REDACTION.md)
source/armc-relation/runs/batch_prepare_r5_20260907/row_000633/receipt.json	7200dde2bdbce641fcf0703d5c2fad61f6a96789f4f04148ac61adcb92a9ae2c	0be56976a713d495586b5fcc498629c8349830a8ab7877cc493640c91ef9ae32	alias rule and path redaction (REDACTION.md)
source/armc-relation/runs/batch_prepare_r5_20260907/row_000634/receipt.json	6a223a7458e27202f4913555bdff4bab2e348c4778e015316f1eed1d7c2aff33	e43021b9ee3929373990edf7b19690f1c7c538a25498394d65d21a332abf7352	alias rule and path redaction (REDACTION.md)
source/armc-relation/runs/batch_prepare_r5_20260907/row_000635/receipt.json	f034b23508230b8d44fbf685e4e027d20dd29fdb435a9e031176d7225e39ce4f	8a3f6438a603c0a71d643bdbeb2b7f172e9ea8bc2f6e7513ba1b1d5042284d90	alias rule and path redaction (REDACTION.md)
source/armc-relation/runs/batch_prepare_r5_20260907/row_000636/receipt.json	626d6ab1bd2ce4daaa8f7acad086e47e96945fcdda68e206c9cc0f485ebe34b3	0ab6659f1355ef3945119417ebee941515793495aba73a5d7678f87ac1a037d7	alias rule and path redaction (REDACTION.md)
source/armc-relation/runs/batch_prepare_r5_20260907/row_000637/receipt.json	bfec72a130568d62b14fbf85c444571422a88f6212913e50b0d6c973c4e082c3	ddb79fed0eeeb4a921974522e967397102a3c2c6846468b1a2f010136f2576c8	alias rule and path redaction (REDACTION.md)
source/armc-relation/runs/batch_prepare_r5_20260907/row_000638/receipt.json	acaeb9abb9d0cd1f1f013c3df9c3c90dcb62941b721b4cbe524a28434b8a2c36	5cc201e9c749461367d68443c7b9cfc53e0edac04319098361878c1551dd89de	alias rule and path redaction (REDACTION.md)
source/armc-relation/runs/batch_prepare_r5_20260907/row_000639/receipt.json	30a637dfccd754e9f490604e635717015ddf128c4f4dfe3b038b890dae693040	fdc50b8434ec86a48f38d94475ee974d5f9076a57896071a2844e7dd2445b032	alias rule and path redaction (REDACTION.md)
source/armc-relation/runs/batch_prepare_r5_20260907/row_000640/receipt.json	7248d01ee7ff7db13ff56ca195bb5d923fe9ad48779c153983b5daf00064c1fd	ee76757fe397711391d3e924603d18a22216b155d9e793b549bb8b21d2a36cfb	alias rule and path redaction (REDACTION.md)
source/armc-relation/runs/batch_prepare_r5_20260907/row_000641/receipt.json	7f28356b91875592fdb7849d587e69b44800afa4cd2616447b6b68a13dfd730c	54aa63e2927b0cb97fc6d02c78081e02a0197e5b6fe19c807c374a85f57668c6	alias rule and path redaction (REDACTION.md)
source/armc-relation/runs/batch_prepare_r5_20260907/row_000642/receipt.json	3c4bb43f8b3acb3a35ffc42550ae8ded61511074f2c1a49d41f39e800184b8cd	c808d55730bf7ce1c01d33b18f132c5e24e6565e45fb1ecf559bf6d5ce53b504	alias rule and path redaction (REDACTION.md)
source/armc-relation/runs/batch_prepare_r5_20260907/row_000643/receipt.json	d103c2c4752a1f82603d1a5a27a3f5cf0f97af7b57b09cdd291166c536faa47b	5976bfbae35d5b429478daf6f4db1ea93de9bd119b0fefad561d52791228a163	alias rule and path redaction (REDACTION.md)
source/armc-relation/runs/batch_prepare_r5_20260907/row_000644/receipt.json	eeb0fa49fdafdbd885493d25895e272d6fb0efecd66cf6cd447d091ccad2621e	3604ca137ea4abaf14f9fb5277e148e064338602d73e5e4d2d46511ab7b8a36d	alias rule and path redaction (REDACTION.md)
source/armc-relation/runs/batch_prepare_r5_20260907/row_000645/receipt.json	daf2fa948ed46073a4e97b576fe4def6263344552ecf2f2d114af06bcbb07a85	d98486b39e6d0a092f86d2142ff81ef37674e4d4bf33df237c29aac07fbf9615	alias rule and path redaction (REDACTION.md)
source/armc-relation/runs/batch_prepare_r5_20260907/row_000646/receipt.json	21a168973db24d08af148ad533c9326d721bd6bcaf8152b07d48291f11fdba22	e1e1709fe6f14878287d0ed56b7d5b25c9b8126fe94a8b4bfd0f5d1acf0491e9	alias rule and path redaction (REDACTION.md)
source/armc-relation/runs/batch_prepare_r5_20260907/row_000647/receipt.json	20a16ef7518170ef0e571c478a1176ba4b2b7573b45a15dc5101c8a8264e510e	daa7d371e1acc1144d26c80376dca2042262d4b101f6e2e4f95d316ba44d0d99	alias rule and path redaction (REDACTION.md)
source/armc-relation/runs/batch_prepare_r5_20260907/row_000648/receipt.json	7287e58f49f28daf144d9d2c3fdfbc27005cad1664426ea433efef4e251de55d	cbba26953e27c92dd7913897decf7f55362125f3abb5502adb332b148713f5a4	alias rule and path redaction (REDACTION.md)
source/armc-relation/runs/batch_prepare_r5_20260907/row_000649/receipt.json	19d28f0e34713b1da757bde8636d3a3693378bda33e593088bea5f5170508be7	4457284f01a9e5e94380cd62632d3e361b3e877c2fd5616e3a886c5f0a87b1f7	alias rule and path redaction (REDACTION.md)
source/armc-relation/runs/batch_prepare_r5_20260907/row_000650/receipt.json	7691d4a170b6f70033b8c62bb851fe9acc5a9e7cc007cd6fc2e081b53f59d49b	2607982aa8277b2819898e5a064715cbaa97c760c5e555abeee9ee83b8d383b6	alias rule and path redaction (REDACTION.md)
source/armc-relation/runs/batch_prepare_r5_20260907/row_000651/receipt.json	0035b83bd3605314c6325a0fc24b33a86c78c06901e571b1178db54ab80c1b01	134cb677934076235d4f3b0f887863ae0c64709983fe3110cce1918793e6f70d	alias rule and path redaction (REDACTION.md)
source/armc-relation/runs/batch_prepare_r5_20260907/row_000652/receipt.json	f4141f941abb0a4ffb5293bc7fa41538f0aa7c58c515c849aa1affbba3490acb	15e70347ca2e8018d7907ff3d12cd51bd020323841c75477e80c2c8df0f48cff	alias rule and path redaction (REDACTION.md)
source/armc-relation/runs/batch_prepare_r5_20260907/row_000653/receipt.json	63a44c99e70aa3f46d5fc77f73db081fccdc5880df388faa76c861befa63a004	34c4648c2837cf08fc69de8f86e151f54dec31e8896ea12e19f8f2013793591d	alias rule and path redaction (REDACTION.md)
source/armc-relation/runs/batch_prepare_r5_20260907/row_000654/receipt.json	25652f718b93ab56a01bf741ac5aeabc6acd2072bfc6b2038fd26176e61fe65d	97a16ddc91e318c56422a326b3d247c75d5167f20922e21e8cb385c1723d3fb5	alias rule and path redaction (REDACTION.md)
source/armc-relation/runs/batch_prepare_r5_20260907/row_000655/receipt.json	73b92141962afe05663d875dc9410eb8a44a77ce6b7dde1ed0a2234928ec2e16	92238cfef98eb38961464c7fdaad4c030abf0bf8889c72ea15a267df12e43ba4	alias rule and path redaction (REDACTION.md)
source/armc-relation/runs/batch_prepare_r5_20260907/row_000656/receipt.json	72908d8fbf9a8d2afa3badcbfe2b0536a7ea8391316ffc6fa9c6e83e23e3a08e	459b2ee95db2d106ae74975e63786f692438ce70733664a7f531a8e888839e28	alias rule and path redaction (REDACTION.md)
source/armc-relation/runs/batch_prepare_r5_20260907/row_000657/receipt.json	b3eda4a4fa4f0e6dc4612ed617156c36e071392316c734bd7c917a00dd483f82	947cfb8d962670796e94a2926eb0db4f9f3e9172f7b3501d4fe031f3c43707ba	alias rule and path redaction (REDACTION.md)
source/armc-relation/runs/batch_prepare_r5_20260907/row_000658/receipt.json	8854098686ee586b65eec8ae2d297beb320992afd5c724e858d54fbab62db5c8	f08cd9bc83cb653ed41a1c28fd9fa5bcee5ebe3ff7033fa5d4c50a0238fd6df2	alias rule and path redaction (REDACTION.md)
source/armc-relation/runs/batch_prepare_r5_20260907/row_000659/receipt.json	8ad356dbb7313904aff9511918049dddccd5ea5e99b741552f2ef43f8a1465ed	7889adfe9128699f4c017816abc64f6d6c81f7f36c69acce8821a34a39f6376d	alias rule and path redaction (REDACTION.md)
source/armc-relation/runs/batch_prepare_r5_20260907/row_000660/receipt.json	e47a05f86835e3bc3e91dc168d7efa12a2c92a8c691b7221ac412f254df4b6c7	22c2cf60828f8f0d765d0b4d68aa6a19e48318c52e0c6511cd0540810229e7b7	alias rule and path redaction (REDACTION.md)
source/armc-relation/runs/batch_prepare_r5_20260907/row_000661/receipt.json	5ef13e5eca95f117c28e0e1fe7275bc7a81bdf464a8b0d4e25eb533cca3c3f7b	c1bb52e4262804f2002f9854c780fb1ba1f0583b5b0564eb626eee6e688fed71	alias rule and path redaction (REDACTION.md)
source/armc-relation/runs/batch_prepare_r5_20260907/row_000662/receipt.json	f94eeb44eaf688deb5d2a9680339a10348bfd90c35e72b925013f1d313d4b463	265910425cdd945a6458bb4bf245073131b9e8088b67e871f1a820c05142f849	alias rule and path redaction (REDACTION.md)
source/armc-relation/runs/batch_prepare_r5_20260907/row_000663/receipt.json	1357234fab20d6f26c9b48dad41176aec3427a4fafad1f60b17caa8d599fe12a	d439777dee873dafbba78eef42a333e61e32e246c78c7f484bb1ef90fe9d11c3	alias rule and path redaction (REDACTION.md)
source/armc-relation/runs/batch_prepare_r5_20260907/row_000664/receipt.json	5ca1ff5d24578a93e3febf8ac207492cddfaa652a1830122fa948d636749ba78	de1ea1caf990113ad07ea75f34b7793691b4fd7e5d7b86b1acb3a7c6186c37f5	alias rule and path redaction (REDACTION.md)
source/armc-relation/runs/batch_prepare_r5_20260907/row_000665/receipt.json	1c7a409c776e1e9722a2d3651c94dabe15f99754116d5e3a3b2466e79a526e9a	c726c7ee967b42052ef0b155d9be09e1a21dd4ad19bee5ea97570a006cbf8ccc	alias rule and path redaction (REDACTION.md)
source/armc-relation/runs/batch_prepare_r5_20260907/row_000666/receipt.json	17aaa3f05bbe1d42f54140828d76f2ab14355b5234c958d5f2dd593f457abe90	dcd62950980887db782a31b16a590b7a1ce64738414665096f6ad860987448d7	alias rule and path redaction (REDACTION.md)
source/armc-relation/runs/batch_prepare_r5_20260907/row_000667/receipt.json	ff9ad3853779c265892625399145443b1cbcbb99269793fe49736b74fae52924	d32bb7d4ed0f577ba595be61b364543806a6c411eafba866d1a373bc26d84bb9	alias rule and path redaction (REDACTION.md)
source/armc-relation/runs/batch_prepare_r5_20260907/row_000668/receipt.json	34dbcdeb06812f8f0cb5f5ff7f7f4fbb0da34a3687761371493263a03c8a1412	dd539f964ccf357ff09a8e51b88aa87ee9d30fe23881edc50a2f8fc68cb69db1	alias rule and path redaction (REDACTION.md)
source/armc-relation/runs/batch_prepare_r5_20260907/row_000669/receipt.json	9d15eceeeba4a70dc505808b39a72542cc07518820e6ddf912e85d87e6804f0a	b2fe05fdde42bf3c57999e571a62b547c19d4cfbebcbcecae6099fa8bfaabc45	alias rule and path redaction (REDACTION.md)
source/armc-relation/runs/batch_prepare_r5_20260907/row_000670/receipt.json	3063a600513672a153af740515a100bd6831901be97237e404877a958ae9c073	a5942835ccc6bf72ba3b63cd56c33e8fcc2fdcad4e97b859d88fec1df64ca7c3	alias rule and path redaction (REDACTION.md)
source/armc-relation/runs/batch_prepare_r5_20260907/row_000671/receipt.json	1e8bee315b7e51ea4fc0c40ba9306ec2fa4aa8e54f459e7f7829092786da57f5	539de675724e1c666419971ce610d4cb8dba897bf0aeaa5293456e37aca513fc	alias rule and path redaction (REDACTION.md)
source/armc-relation/runs/batch_prepare_r5_20260907/row_000672/receipt.json	db355046a6a8219a7fb823ce275a1c53d24fc5ecff8766feb317d829ce67c148	ed76d069112e19b15809f83742262cbfeb9bfe01598d004f0bacc2d7fc4f8d62	alias rule and path redaction (REDACTION.md)
source/armc-relation/runs/batch_prepare_r5_20260907/row_000673/receipt.json	89ecd8e25eb444a7faa1d0b665c75a492908bb3d6595fc32cec8ea1ab0b4cda4	6d4c57c42966f8dcb33e1bf3ceef4a9a2b6fa462edaf8b103a8a7d011404c604	alias rule and path redaction (REDACTION.md)
source/armc-relation/runs/batch_prepare_r5_20260907/row_000674/receipt.json	97c0ceb8e5d486b9f2bb9746a6dba93068d7f76d4005815839f91307a2070d19	1e7068217e533e8cce6770d1c465f4038a48692911e319c3ca03b3ebae8d153a	alias rule and path redaction (REDACTION.md)
source/armc-relation/runs/batch_prepare_r5_20260907/row_000675/receipt.json	bad19af90a02f49154130537ea6db772d8e71cc644e07af2841eafb604e064c4	9d1b10607a0c55640b507c85bdf04f536076e03014494fd58f906dd0e2664ebc	alias rule and path redaction (REDACTION.md)
source/armc-relation/runs/batch_prepare_r5_20260907/row_000676/receipt.json	0c418fb1be25324912a2b6fbb783bbaa187fcfcec0550f0af0690c6d963dee64	7d6d918c418c1a747652adb6b7df3950c16f18c434ab88fb54df56f3dde67dea	alias rule and path redaction (REDACTION.md)
source/armc-relation/runs/batch_prepare_r5_20260907/row_000677/receipt.json	2ee607e57ec4922d6603e612e683ba98163e24d0f8ba0ec52028377efb12ed83	ae816596ac5aff89baf4353e97feabbe6da279779e6ff748ef271acf88a7c0f2	alias rule and path redaction (REDACTION.md)
source/armc-relation/runs/batch_prepare_r5_20260907/row_000678/receipt.json	f7dac7cb26c3d2564c6b6ad5551e315920e254de0aa7529599fa186989c8cc22	3a7dc92d310aeb23850e36704a6ff36762192a60562f2de6a000ba73e485762e	alias rule and path redaction (REDACTION.md)
source/armc-relation/runs/batch_prepare_r5_20260907/row_000679/receipt.json	503ca1b04d6b3a6c8bec20b9be39867d8ecd97470eed5516fe9184ca1b3c96a5	d550af723741257616c2852181e70a27beaaebf80cdaa4f43ffdf4442d50f3f3	alias rule and path redaction (REDACTION.md)
source/armc-relation/runs/batch_prepare_r5_20260907/row_000680/receipt.json	e5d1ff9b48091fe14114d4d37b807a0727d2d1ca51328ec6446fa7aa486b2529	1c3a9009a07a50514a5aa3ae4b656b2f42248f8ed2b2a2aa1a417924c6e53be3	alias rule and path redaction (REDACTION.md)
source/armc-relation/runs/batch_prepare_r5_20260907/row_000681/receipt.json	65f9f1a7f8c0f3d004da9bc3fd5b1bb9c19613e6fdb71087e48d6500adc5faf7	7fb1ce24e1361b10635de7ffad62487688c72a2c0a1ef0882bf9f4a4626b7b0f	alias rule and path redaction (REDACTION.md)
source/armc-relation/runs/batch_prepare_r5_20260907/row_000682/receipt.json	8aa681b3c6cb8130c50da769d88d5cb6b1ee166d560e9af0517185af006b2995	84760f8a8fb8ef60fedf60f4fe69ba9525f6123914f88e95acada4e759946447	alias rule and path redaction (REDACTION.md)
source/armc-relation/runs/batch_prepare_r5_20260907/row_000683/receipt.json	7f51d9681ccd03b5c36cacd7b860cbedb2e7d643e34b1d1e8ff3693d087969d8	51ba9e397580ec1923a1dbb437fee031074fd5a9fb1ec69463b8038db0742728	alias rule and path redaction (REDACTION.md)
source/armc-relation/runs/batch_prepare_r5_20260907/row_000684/receipt.json	e5ec1ccfbd0e845d677496974fd4c203502559e1ef2cac779ed727e75e967aed	35e1c0cb86d307bab543848cc09d7289cf0a3312365c7759473c478f074392b7	alias rule and path redaction (REDACTION.md)
source/armc-relation/runs/batch_prepare_r5_20260907/row_000685/receipt.json	be4af2703d1cc33815372cba7d23322e599e01fb85d6c75e2e3dce0e20383657	c43377b52122fa2d1bf5926e457f37738224fc92a48c3612ed3e6702032b06f8	alias rule and path redaction (REDACTION.md)
source/armc-relation/runs/batch_prepare_r5_20260907/row_000686/receipt.json	e8333261a54f85c70b5dd47d2dcec6e98c84dcc0fffa1bab9a795153234aac25	926faf866184726de05d825905c2802cf09e1f8eea0742a4b013deb137b23d0f	alias rule and path redaction (REDACTION.md)
source/armc-relation/runs/batch_prepare_r5_20260907/row_000687/receipt.json	dc854a900364728d94a773dc0246bf838743d087d419f9b6c912d05f91dff0fe	d65684d58edc38f445ed48110e9210e6628282ff85b1f233ff9a7f81995c00c1	alias rule and path redaction (REDACTION.md)
source/armc-relation/runs/batch_prepare_r5_20260907/row_000688/receipt.json	4dba2330dff3875d5739e6bf7cbf057ec506c0b5fef87b62ce8024c4ec4f2cb5	c9b69af34a08a2eb7a766c4da13b8459a1ebfff71084833d25084d82f17fca1c	alias rule and path redaction (REDACTION.md)
source/armc-relation/runs/batch_prepare_r5_20260907/row_000689/receipt.json	84dd842a6ed8ecb3d7874c1c38cc2db803e086a78a774842d3d623c97d4b8e5c	80992d96834e3196c0baf2a161705a549dd18eb90d5c500f4950f6afce059c50	alias rule and path redaction (REDACTION.md)
source/armc-relation/runs/batch_prepare_r5_20260907/row_000690/receipt.json	1a3133368f4321c0e6b82d184f94da376e07c99600c4b0fad8beb30193c48627	071c230e24e48375ac742fee48d36e315c65f5a92ba154c2f6c81d626b15aa0c	alias rule and path redaction (REDACTION.md)
source/armc-relation/runs/batch_prepare_r5_20260907/row_000691/receipt.json	a4f8f0858c26a494721b9ef0ac69ab3dc328f772d4040aae8382e9076fceabcf	75f6c814d3978341080f8e5d0bf694d779b1f93258cc019c4ce79814d1d1930c	alias rule and path redaction (REDACTION.md)
source/armc-relation/runs/batch_prepare_r5_20260907/row_000692/receipt.json	aad00c59bb5218b6189d7eff2136efc0b59833868d22e1d4cbb1c06674ec2903	76453770112bba042287679a0b3997f7162cebe71cf240eb6474c6b8900c51ce	alias rule and path redaction (REDACTION.md)
source/armc-relation/runs/batch_prepare_r5_20260907/row_000693/receipt.json	bc6b9ca2c100f06bd3f47cdf571cee425a1ab2d6eff4c95429d4acea2f8429d5	ff51c1dbf2c3188640a90f3478d03da8016ea6fd28f30614b2a8cfa806bc5635	alias rule and path redaction (REDACTION.md)
source/armc-relation/runs/batch_prepare_r5_20260907/row_000694/receipt.json	3abb73b9cf89a9befe61e2c09e2deb3d843c81abbb49faedde0928f9320f7f01	24382260937f215134c01d7c89d704593f2d539175cf3eb6c221b7d01f26b2dd	alias rule and path redaction (REDACTION.md)
source/armc-relation/runs/batch_prepare_r5_20260907/row_000695/receipt.json	d38dbda4886acb1a96db9538eb7f77448cf02ae5b2564de6761ff6c8ca2506f2	e39b5d2e06cacbac98433ad3143d5f7ca54e3ba2de967d7a7c29be72ae955bfe	alias rule and path redaction (REDACTION.md)
source/armc-relation/runs/batch_prepare_r5_20260907/row_000696/receipt.json	aacdd483c3600665933586468ea476622b5fdde15b0d5634b4746b35c3d5e237	ac70acffc62a1d761a13d35d1bd45341c48cdcb48565ae2a7b375a33b9b93ae8	alias rule and path redaction (REDACTION.md)
source/armc-relation/runs/batch_prepare_r5_20260907/row_000697/receipt.json	9720c5a9779833c83022257890f784a09f9931e59f289eeffe46020f5178184e	b8f48a8fa247380310a295ab2dbbde639f7843c794686c0cc0629ca36c20fcf0	alias rule and path redaction (REDACTION.md)
source/armc-relation/runs/batch_prepare_r5_20260907/row_000698/receipt.json	d755f6af2bb2d84cd1f22f7b65e338aee1e39e86a68b508d35a0253cb3dd9b0b	41b907fa05d1ce8386b11295109ea72bf3fe7f2478ffb3502bdc73743cff45bc	alias rule and path redaction (REDACTION.md)
source/armc-relation/runs/batch_prepare_r5_20260907/row_000699/receipt.json	4d4a0c1c2a1a73ac1a30e4b0f43ae33d15cb9d3439388c61dd9a1d007bd052a3	c4137d924391cd8238943366683d3c2a33c0e2d11bbf78e95034f0aab8601cb1	alias rule and path redaction (REDACTION.md)
source/armc-relation/runs/batch_prepare_r5_20260907/row_000700/receipt.json	a0087120254993bfada635587674eaffa3e8b9d57aa59cee0f2c6fdd70329871	682bb6044114db2c19de775c8c1333bc95e7fbc102366701256155dbd817d0af	alias rule and path redaction (REDACTION.md)
source/armc-relation/runs/batch_prepare_r5_20260907/row_000701/receipt.json	2dbfad38537676746286de85bebf274fbd0058d948270b3816211e44f4b23357	c43567749425c29807d4c667c0632dfee5bc5dd51c5cdbd67a1ff309067fff3e	alias rule and path redaction (REDACTION.md)
source/armc-relation/runs/batch_prepare_r5_20260907/row_000702/receipt.json	a1665798997b95e3eb6b5022272f16457dfaf290faa3abdba0ba6651183cc9ca	8b30f8078993d8544968b2f7ec02f90e9221a86b268c8360c11cedf9a32547a7	alias rule and path redaction (REDACTION.md)
source/armc-relation/runs/batch_prepare_r5_20260907/row_000703/receipt.json	a7ef16de6714b0ff7f8c6c6f4008a583c443aa639e2ae86535250bf6e074b1ba	f0f31cbb782901a1db9647343a59cb61e1388726368831d99a52213ec2620768	alias rule and path redaction (REDACTION.md)
source/armc-relation/runs/batch_prepare_r5_20260907/row_000704/receipt.json	b70b752e0f5b9e68e582a38a14cdc819c96b3cb6e2fc541cfe51b9168bf25ed4	a06bdd08a22289dcb2830230f7d3a5ae7081e23090c4c8a7dbe9e25ed8ae5693	alias rule and path redaction (REDACTION.md)
source/armc-relation/runs/batch_prepare_r5_20260907/row_000705/receipt.json	c63c5a702e4aafd48f065bef861aac82acc901258e3dfa65d35ec1fe80ee4a35	0c5df0ac6ffc0ee183c4f6a9525b896a1f3f70dea65fc598a67b64ef54e60a29	alias rule and path redaction (REDACTION.md)
source/armc-relation/runs/batch_prepare_r5_20260907/row_000706/receipt.json	754dc6a0fbb725387dc77e827f3215dccf41e7df5ccfa3afef5ed4c407417fda	4d449095049d78d5fb429601abb07ca3206d2dca0096ee92a41ba8a929ba869f	alias rule and path redaction (REDACTION.md)
source/armc-relation/runs/batch_prepare_r5_20260907/row_000707/receipt.json	e87f063598484d58c595abb1e43462f46c1cca8be4ca6bdffcf3bd3c4dd5bc7e	6101dbe009f5bd2f185ed5842639f9159230feb4101f543f1c9fbb35ab3fb585	alias rule and path redaction (REDACTION.md)
source/armc-relation/runs/batch_prepare_r5_20260907/row_000708/receipt.json	f78d5ac3ab4d50b017e2df313e98c3709dedfa5ab43ffa2ebbe23aa37f660ebe	4ade125ff521f0181364b5d7ecb06fb874bbacf28e2ca0c2b289aceeaeeeb23a	alias rule and path redaction (REDACTION.md)
source/armc-relation/runs/batch_prepare_r5_20260907/row_000709/receipt.json	c6c04b28b7780dad4cc38437ec4d3c189fb5921ecda82f13048560888d2ea8b0	01d7bfccab04bbabeff7ac949e4667f937eaf31093907f919d6603e9206a2bd7	alias rule and path redaction (REDACTION.md)
source/armc-relation/runs/batch_prepare_r5_20260907/row_000710/receipt.json	22db1eb72220d845cc066d048c0ebaa67ae9b5142bd5c7e878e4fc7ef6dd5269	95099acc06696ac88267883e78a1f0d71f81e4a861233cd80f664a9ff5b151b8	alias rule and path redaction (REDACTION.md)
source/armc-relation/runs/batch_prepare_r5_20260907/row_000711/receipt.json	dc5203431066f96ada8380b1f4512843d673951506953d2629b6a527ab3a9152	74e7edeab0be0988dc5fe96163d1a82b3959bd77c0fd42089cdcc41b0c2a66b0	alias rule and path redaction (REDACTION.md)
source/armc-relation/runs/build_log_20260907T212408Z.txt	fe4898bcd0c25bd288fe97e15a6531e59a01adeb17bd9ac7937ef6a4d86ee675	89b6046ddc210d89c4866c37d2ae70267e674d6bcb479e7f8c3e6f98f115d80c	alias rule and path redaction (REDACTION.md)
source/armc-relation/runs/build_log_20260907T212428Z.txt	973c9cf1ffa7f9ee6ef02b6a403befd7169d12f817c26972566fc24a4c1a724a	5e07bd6d240d04250de7abf26789f1c7689b69b048a5512402fcb3960c4052df	alias rule and path redaction (REDACTION.md)
source/armc-relation/runs/build_log_20260907T212517Z.txt	84a2ce7099a913e5ea767b9348cbd5ada4bcc5a9094050e2291905796a213518	4a869f6df286c2f9195f98ee0a7c738ca31e267688aa4e7b62bb90b5b1ee4bf0	alias rule and path redaction (REDACTION.md)
source/armc-relation/runs/build_log_20260907T213834Z.txt	11d06c9c3068b932a02de42e5fc4d6951d60ad2b8422661e79c354c514341bdc	88f5cb53b1c1798fe7b9cb89da44ad2acb2201067eba78d86981548dd51d194a	alias rule and path redaction (REDACTION.md)
source/armc-relation/runs/build_log_20260907T214246Z.txt	63e9e2ffbef9bc0ab2c567fadf83409cca99d044308904607d0079e11e8d35da	94ad1544fe37ef981b3ba65421f0c311404ce69cf086085c81d1df96dd9003b3	alias rule and path redaction (REDACTION.md)
source/armc-relation/runs/build_log_20260907T214737Z.txt	b9612bde84d8f0df71a3efd281a9a6a0d53297336648f509745498a53e27d5e0	5d45fa56c8b7514d6d7d3f278c697bd5f0a16e4f966e4daaf84826fe1c55a75d	alias rule and path redaction (REDACTION.md)
source/armc-relation/runs/build_record_20260907T201624Z.txt	ff0f1a54c43a8cf1420370c3833c1ddf02dd4ca9e456c2494c7d21b54202801d	c982257bd8577b24f4b3df30b48f804ed0d02ceed8b39a4fa107a2466c42f84f	alias rule and path redaction (REDACTION.md)
source/armc-relation/runs/build_record_20260907T201642Z.txt	4f1c8f7102341da0e4c8567bd804144995d6fa3a62e8626ae2f01f2199213516	9c2067872bafe6d91260a5b620c9b9e43b966ea1096a3a22695c9fd0a030214a	alias rule and path redaction (REDACTION.md)
source/armc-relation/runs/build_record_20260907T212408Z.txt	81613bf8d4b4ab3df5ef7c64d8a94fc355617053b98781afd49b54d11548bc43	32ef1005634e9e84c4feff2d164cd4964c4172dba4748a2fb08d82c5ed8291da	alias rule and path redaction (REDACTION.md)
source/armc-relation/runs/build_record_20260907T212428Z.txt	5b3176919cf3df4686314c6ccace2fc6144a06b01bdc4e5849e501f827f914a3	6ecaa409d749bbf6658ed7fbaeb6b6bac0756ad1e579da926afd1a1ece101ad6	alias rule and path redaction (REDACTION.md)
source/armc-relation/runs/build_record_20260907T212517Z.txt	0cff05ad119f8d43943c971d43937340dd2d01d191731b64d52fc0ecd5cbdbd9	30c8f38145cb1dbd831fb24abf7087d48bd9db446ae1158d3f1fe4f0314ebe69	alias rule and path redaction (REDACTION.md)
source/armc-relation/runs/build_record_20260907T213834Z.txt	9a85e5cceac52b5c58a3cab44c78c5861940cebe528e86061af20282cd01b9dc	c48b1c4a0cc190f2a170c25c86e7d5c6aaadebb9127b268f7e9bf6ab7f787082	alias rule and path redaction (REDACTION.md)
source/armc-relation/runs/build_record_20260907T214246Z.txt	f09c8daea6814460efeb88d2194a18369583745d7cc7e74597f923d605094f2c	ac451a7b55b7aaeaddbc8bd50242d3a48fc4cbd918b1d938f1ffbb1a4f51e016	alias rule and path redaction (REDACTION.md)
source/armc-relation/runs/build_record_20260907T214737Z.txt	37267277307c5a8458f0a290152e1c9d298ee6d0f31eb902aa1bb47cecc23633	224cae280bdeec590d761763c0647672387ce29888bd0cd6708ca05d193d3b80	alias rule and path redaction (REDACTION.md)
source/armc-relation/runs/controls_r5_20260907.log	d46ba37542d62f681c90cbf7110942e6dcaf24d8acd8a058da98cf6dc2e5b186	27be8178087d9ab1d894d1b3c7facf1cbbddff33725f4ca32fe8e9fa58bded32	alias rule and path redaction (REDACTION.md)
source/armc-relation/runs/controls_r5_20260907/CONTROLS.json	aaac6c44dba82296946e14d3232895bd1029f5d809a7e93328b42d2a24da5dcd	4791df738096bbe05c882adaecccb2fff841ce1bcb97c9c1d1f8f85d86dbe313	alias rule and path redaction (REDACTION.md)
source/armc-relation/runs/execute_e2e_synthetic_r4_20260907.log	f2f80c841710c9afd7bd56099649aaea68459ee93ac37d699eea0f2e06ff7dde	7cceaaa72e9cdafc8415a3c6473224062e89dfadca6b9c03adb1935eb619c0ee	alias rule and path redaction (REDACTION.md); terminal control sequences stripped
source/armc-relation/runs/execute_row684_substitute_frame_r5_20260907.log	558221e0587fcbdead99f04ceb79873105be52f3c5b9028d37c4afc695e02641	b8d6f9a26eead3a4d4904e91dc4c9e1bba64c4ce5c7ccec258c931e493782c10	alias rule and path redaction (REDACTION.md)
source/armc-relation/runs/execute_synthetic_mirror40_r5_20260907.log	f8564c63ef9a65401822033721348408ceeb9552181e329f5e768a5994a14140	e40ef19b568a3687e6a720672140e589539e204129ff4c64e45c73171c3ecf16	alias rule and path redaction (REDACTION.md)
source/armc-relation/script/Cargo.toml	ccbe2d6e48ff9aa4ca04458def3f5b28b62f4b4511abf475a1d4dca310227bd5	2b72238d2e134816505afda470d9dfa2d6d4a44c1631427dfd9daeaf7262e092	alias rule and path redaction (REDACTION.md)
source/armc-relation/script/build.rs	a64d72a7bab6f718fff43534d2374834f83a796e418321c4338d20d534a23a9c	f25bdd599652b0c4a1a54eda3f24d50e998cd22218624baf54c17d18e4e09fbb	alias rule and path redaction (REDACTION.md)
source/armc-relation/script/src/accept.rs	a2d527742d687b450086d0bf63160b71851f89c49107676312dac8dca6411987	adff226a89621ab8ba14c9206373f1bb20a2d61b1ba21d8415e472f3ac07f8f5	alias rule and path redaction (REDACTION.md)
source/armc-relation/script/src/ceremony.rs	d91b719e716400827efda066a4646608bc1ef94e0d6736641585a6a2f6d0e5bf	437b87b7e9b6c9f9aa994aa9e122aca51c858368e49fcb21e2955ca3886c5098	alias rule and path redaction (REDACTION.md)
source/armc-relation/script/src/ceremony_core.rs	02c4183709a4ef07eff9579f3d983c23c03e2028d7a584b6cb33e60bbcc91c7c	fa5f7f4aa1e149b11efee98df9bfece1f22b27185de756e9ee75fadc5767b315	alias rule and path redaction (REDACTION.md)
source/expected_identities_august.json	6822cdcefa9a8833460287a3bb619fa63d0f3755d46dccc7db5418b261d6d613	182870aa06f11e246a76f8c94c5a1c40aed7b3ad4b3537420422f426dcd46eb2	alias rule and path redaction (REDACTION.md)
source/fixtures_final/index.json	c9b86aa41809c9e1a545fb11eaf9488a503a05b4c5bff988d7e8ff0dc82f4e72	39fbd98babede0d9df0b5228259f67ea223a8e00e442bf518b804d4ac4fdb70f	alias rule and path redaction (REDACTION.md)
source/fixtures_final/manifest.json	52ab243cfa38873eb9f0197de3856420da1aa590398210164f2308fad0b1efaf	bb04671fb8ceec712c7b3fd089d767e3cc4faeb03b24e39418530a0d9dbfaeb7	alias rule and path redaction (REDACTION.md)
source/logs/probe_build_other_absolute_path_20260907.log	4980f278f537242e1f5f4a40104f4cd4fef66ffc315defe67e356736f1aa26b1	935ebe738da637652ddab22d969958b342f0ff3f019d50c1e966342e785879c2	alias rule and path redaction (REDACTION.md)
source/logs/probe_build_other_absolute_path_20260907.meta	1a2e12e97b30340919d9ac20e7ab99beb201aa839542855577d896da764a212d	9938c4e892c0c2020045a0bf6594db238242a958b4407b4cad128be855848495	alias rule and path redaction (REDACTION.md)
source/logs/python_oracle_rows_20260907.log	1e4023fdc7cd964b34b0be9ccac912e815c09659eb83aca72ea4b6c6a41dab0e	e4454937ce79b844812938bc39c6fa6ba37ff80aea4169edc3312d135000fad8	alias rule and path redaction (REDACTION.md)
source/logs/test_armc_int_r5.log	cf4dab8a94b37e96da7c3fdc80e0ad3d38f3ff503eb9322c2d33d5049ffe2663	21842f3811bf4b35ff6dcee711842d1d909a417a14fcbe558a41480dc2bf9db7	alias rule and path redaction (REDACTION.md)
source/logs/test_relation_r5_pass1.log	959b5b28f826fad6ba49ce0b9c169b69302cc22b941fbed37cde15f61110a703	6b1ebe25a52bd42396b7dfdf8d9ea0b3507c95ec902d793d8fe9066b59ca8775	alias rule and path redaction (REDACTION.md)
source/logs/test_relation_r5_pass2.log	1abbbee2e891c46f18e5b5234450bf453d4f2758e95b09a17882a0a5d9161ba0	e78ac55bf7e20e4a609341a299b57cb45afb1aeab3f4e6643c7205cfde63cc25	alias rule and path redaction (REDACTION.md)
source/logs/test_relation_r5_pass3.log	5b1106b245cfe483a1253cfb0070624622404a0406ba9511dcdc05fcf9165fc8	2f8f82197a0a625b2a0c29ea12063b1d635a2a14f4721931b4f4643155d85440	alias rule and path redaction (REDACTION.md)
source/logs/test_relation_r5_pass4.log	c980e0e6e4c1ee838badaf620cfd0839668adf553e43392c41da9c595456d225	75af65baf79b62fa7a6eb0d7448b749a063aa50374f0712a2c90ed4c38b35e5c	alias rule and path redaction (REDACTION.md)
source/logs/verify_groth16_only_row096_20260907.json	98827a5872b6d229baf2fbf0c6d648e3700f55ea4c9ec9bcf0665b9bf4c36d75	dcaa1f34b175ca39bfd4fd09746fea394ebcdc6284355c4161cca51a5ad37274	alias rule and path redaction (REDACTION.md)
source/logs/verify_groth16_only_row096_20260907.stdout	cbcc51522c81964702842d02da6eac27035716d278641e15e26675ba00514157	b1c7be6dbcdd686decbb4441d84c525efcf2084b1cf832169abf80def425dc8b	alias rule and path redaction (REDACTION.md)
source/logs/verify_groth16_only_row096_final_20260907.json	98827a5872b6d229baf2fbf0c6d648e3700f55ea4c9ec9bcf0665b9bf4c36d75	dcaa1f34b175ca39bfd4fd09746fea394ebcdc6284355c4161cca51a5ad37274	alias rule and path redaction (REDACTION.md)
source/node_prep/G2D_NODE_RUNBOOK.sh	9994c4207f885934df08fda620a238aaf15d4f653fd6240c79a56808dbc8b461	84c706e12c503db8f65f488893b41381859afa01b7c5a90461a4ab4d46f0733c	alias rule and path redaction (REDACTION.md)
source/node_prep/r5/build_record_20260907T215855Z.txt	513eed8df21a0540d2971328361424e77a783096c9f592c16a4c9547e104174f	1efb3a60612250b554715ad05e692d7441abdfa09c9fd8fceeddcb7b606ae79c	alias rule and path redaction (REDACTION.md)
source/node_prep/r5/execute_684_receipt.json	5ad3c7d93f982fcda1a2185028037cc69ccf1f121826dbab4a0afd49e35330c5	167ed8b86938bd0171d881130f51a5fc858f5fb2342888264ad9c91b94af07a7	alias rule and path redaction (REDACTION.md)
source/node_prep/r5/g2g_batch/launch_gpu.sh	a8fc3f4d88bcf78bc46a4588864a726a70ac6b75078af20cff29139b6ae6360f	03bf05eeaa6911a89e73e9e2d94f6d0bf6c05b549ac60077a1e1cf5b6602e126	alias rule and path redaction (REDACTION.md)
source/node_prep/r5/node_build_r5_summary.txt	4ed3ada666a775bc4bc92cbe21034fd9066fa1f8a6ebd23eb7d448386e5af3e2	eca8ba9fc16cb741a979d6403bb3c5b30b991115dfc33a0f1ea7f79930b211ee	alias rule and path redaction (REDACTION.md)
source/noise_august/MANIFEST.json	1f1c6c2a16a7d3683811b24a73d12994c5693b646884f20f7e18093ccdb520b0	ca0071c9297dc4bdfc5dbbd1e0a69d49aaa9ef334f30102ebbdf2545a29065e6	alias rule and path redaction (REDACTION.md)
source/oracle_final/int16_august_650_correct/index.json	804c8a60f533e5c690ae5710181b5afeb8867abcee28fd34b3ecbd77fb2e0f06	8235d5418d16bfc0188973ce4941b193d1aff2db3cd3ec1f83b9cedaf20ed332	data-layer text record: path redaction
source/oracle_final/int16_august_650_wrong_p2/index.json	b46c9730cf9bee379026f9f8a493f58bf8a67085b74eb0b5d95b51c183cfc933	638a5b70db56e5f3080b2119f3a39e8531929de33be3f4c2622ea982ebe846d1	data-layer text record: path redaction
source/oracle_final/int16_d2_1328_correct/index.json	3981f23da038bbb86a55a3af27a608b495da5640300806bdcec796257f30b8ec	563282c91438e99ccf8b5de3a45de63f5128628a871e95c98fc31900dd0ecd28	data-layer text record: path redaction
source/oracle_final/int16_d2_1328_wrong_p2/index.json	76ed21892a61c4ef992b9209d52cad299521105cd27c0e0db6f21e44ec976f52	515c04ce9dd77a1e9fb25d0605da7d105f9d21e2ac78a62c284a243b20381436	data-layer text record: path redaction
source/oracle_final/int8_august_650_correct/index.json	e61597c4079a2c8ae16af06a04b97c94ac3048243b8ccb8f2c53c4919ff9b497	09004d4a015e0477bff82155d7a703e38e384bfed6b53b797d013fa7b2370313	data-layer text record: path redaction
source/oracle_final/int8_august_650_wrong_p2/index.json	f85f1f46824c430ea9243afd9eea6f4e1c83972502f3a7af323abe99ef44fa70	b16087a429fadc4b9376588c74b8f3080114786f671ccbe2106bc133d12451cc	data-layer text record: path redaction
source/oracle_final/int8_d2_1328_correct/index.json	a997c69cfc54f91354631445d16c51b5b273bb14e0cb99b090824a99e09b6638	9d3de6ce62de588b8e505ae183e1e5d8cab5e89845ff2a0b6313bf71ebad4841	data-layer text record: path redaction
source/oracle_final/int8_d2_1328_wrong_p2/index.json	889b0869a68e24301b70f3cdf0a7f25c5a423f5dad238016d0c88ea2c4f3d81c	cbfe864a784b3d07da164075816973b1929c68ac08d0cf0bc28bf0b746fbffe7	data-layer text record: path redaction
source/tools/make_sha256sums_g2d.sh	b41d32f080035fa34d0073814fc24c11e3b1093f144989da4f76d116b7ba9165	737382ec65037aa9eb80313fb45136505b5c5aaca0158fef0d91bc7f951ebd13	alias rule and path redaction (REDACTION.md)
source/vectors_relation/MANIFEST.json	ff449e8336e2a9853f8b3d9abf0c3a9f2ec22bd12f7811c0586fca7c19dc104c	3a1bdd13902a6525986be02f0286dfa0ead846a811424844a6b45af150256bb6	alias rule and path redaction (REDACTION.md)
source/vectors_relation/README.md	3c3102d357a318dc9170f31cba63de9951dfc493e8f40d98115f6b266b714e2b	898954b705509236cc7a37b762d1e47f05b628fb9a4fa29065c2005f22671781	alias rule and path redaction (REDACTION.md)
source/vectors_relation/august/august_rows.json	4093c6ffa122591a40d5d28e159830920a74d94e1f3a4cb2c9105317015ee16d	23840c1280bc6ca7be2eba1dea7143045f6a2a5080e624ef2742c3d51d17c17d	alias rule and path redaction (REDACTION.md)
source/vectors_relation/gen_vectors.py	712dac3cd6c8f8020bb44901d8fb786fd09ef6de6ccd99af2130ef340f9e37e6	6753c38bb7bba74cf252cdf19de951685ea604db07dc2325077899bef043d3a2	alias rule and path redaction (REDACTION.md)
source/vectors_relation/synthetic_mirror40/synthetic_mirror40.json	b9dd176490bbeceb8d0fdc1d505290f213af370676762cc20d33ff724d9e3160	62d0a52ab2e075eca1daf7b178fd1bcc612531ca6948b49c4f7ed1e52d0801cb	alias rule and path redaction (REDACTION.md)
