package_path	private_sha256	published_sha256
receipts/BATCH_MANIFEST_merged.json	e406e99819f42d5b04815ef999bf8ca218b5eda328c431d47234105400f2fffb	4617085dc9c8db2044dfc3a633704152b465df1526203743822114e953d2d95b
receipts/controls_600_CONTROLS.json	6fd09ca23ad1d993323d25998526f934a3f87b346ad25a2ce9eaa63fc7389b11	ff0691e810d14931995db698cff026d2deae6ffff585fc811b5b2a2f0d99d963
receipts/execute_684_BATCH_MANIFEST.json	fab583fc4ece2effa9c124988db8500e29cf45a2da7e748a1ea324a714c0ad5d	538a7f3538541ce13654cb28d801239f06bb45f63077f0d731da0c6b40dc4291
receipts/execute_684_row_000684_receipt.json	5ad3c7d93f982fcda1a2185028037cc69ccf1f121826dbab4a0afd49e35330c5	167ed8b86938bd0171d881130f51a5fc858f5fb2342888264ad9c91b94af07a7
receipts/gpu0_BATCH_MANIFEST.json	7c6de5946581baa965b6c6f5312523ab4209424ff0cd47b1fec3ea0246d511ab	40733cc7e786611dcf064248cc9ee81c0d12fabdc2a3d6fbfbf92ae23ca97f90
receipts/gpu0_inputs_identity_launch.txt	d2cd5d4440c100331172ba6f48fda0638cb7c054881b6293ad2ba6d20088d40a	53f6c31f44d6078e940f216b4972cf4ce9cad2115b7051a3d592a26cc310559b
receipts/gpu1_BATCH_MANIFEST.json	676fafbbd60b1e41f9410484b86780a96d204991bc51a00b0892d75331be8288	b58e7db2d30fb2d6e0093e505b64ad4ac22d9093238a234d7b6b406877d444c7
receipts/gpu1_inputs_identity_launch.txt	d2cd5d4440c100331172ba6f48fda0638cb7c054881b6293ad2ba6d20088d40a	53f6c31f44d6078e940f216b4972cf4ce9cad2115b7051a3d592a26cc310559b
receipts/gpu2_BATCH_MANIFEST.json	9948b28a4751fc85802f310b5673223e88814475d93d6d11a83fe593aa13348f	52d08855dabaa4a6f12465e3edd763ee76d4e29982e88b702e72bee8b9f70856
receipts/gpu2_inputs_identity_launch.txt	d2cd5d4440c100331172ba6f48fda0638cb7c054881b6293ad2ba6d20088d40a	53f6c31f44d6078e940f216b4972cf4ce9cad2115b7051a3d592a26cc310559b
receipts/gpu3_BATCH_MANIFEST.json	01844a6da7ce995f2d76ceb15fdd6bd31b22c0e61499df4247d8bc8d3a3b703b	5b10790375141d7c8716ef73c81a49f04eb90a22033c518b2a5d41923e4c49fa
receipts/gpu3_inputs_identity_launch.txt	d2cd5d4440c100331172ba6f48fda0638cb7c054881b6293ad2ba6d20088d40a	53f6c31f44d6078e940f216b4972cf4ce9cad2115b7051a3d592a26cc310559b
receipts/gpu4_BATCH_MANIFEST.json	108681c3948bc482db1bf02f6d93ec2fed2b43c182e3e13a4095cafe2316046c	15863c66a2c98fa5e77349cb72af6a334a22af0686e78d481899717c319f1e93
receipts/gpu4_inputs_identity_launch.txt	d2cd5d4440c100331172ba6f48fda0638cb7c054881b6293ad2ba6d20088d40a	53f6c31f44d6078e940f216b4972cf4ce9cad2115b7051a3d592a26cc310559b
receipts/gpu5_BATCH_MANIFEST.json	0c83fa394f6358ddf99ef68aa63e7bcc139d45ffb4afdc7db50fdd16b3b8276e	1f75898bb1a07b29c43919237ea75d586592fbafa95c12d16d804606dcd1f3c5
receipts/gpu5_inputs_identity_launch.txt	d2cd5d4440c100331172ba6f48fda0638cb7c054881b6293ad2ba6d20088d40a	53f6c31f44d6078e940f216b4972cf4ce9cad2115b7051a3d592a26cc310559b
receipts/gpu6_BATCH_MANIFEST.json	927ddec65f0330520883eacf06fc9e5e429823a245dba4e774e11a38ffd951b7	a2c5e5ea6fab830785f97ef4877bc5fe5f504b3bc2914e83e871ddb2ec9c544a
receipts/gpu6_inputs_identity_launch.txt	d2cd5d4440c100331172ba6f48fda0638cb7c054881b6293ad2ba6d20088d40a	53f6c31f44d6078e940f216b4972cf4ce9cad2115b7051a3d592a26cc310559b
receipts/gpu7_BATCH_MANIFEST.json	a7f01f85c38f11e4655ff6d4dd376d2938eb8380ed14d0d131532ed224a539a8	6e1959e75e57bc9627a4dc2ad55932fe69339d58827676c1578c0b96b83c4bc8
receipts/gpu7_inputs_identity_launch.txt	d2cd5d4440c100331172ba6f48fda0638cb7c054881b6293ad2ba6d20088d40a	53f6c31f44d6078e940f216b4972cf4ce9cad2115b7051a3d592a26cc310559b
receipts/independent_verify/row_000600.verify.json	069e0c93de429881eb51380307cd658445a5f0337a329eee81eb5b3fc0481111	f4c095cce28c575021140f8dc495a06089d374a9594a7dfea748a90cd3caf3ac
receipts/independent_verify/row_000601.verify.json	438e3de8a552a8ee4cf0d6c67ac98a878fd9536d57815e3fb7d3a233bfd3a05c	1989db346ecbad6422e47aeec642977e512d8a540fd6d7f9b887568561630dcc
receipts/independent_verify/row_000602.verify.json	b1001844235d1d88941422ee68cc4faa5e38fefd89e5093cb684167470588597	06eabf775075e5be0c3433dc213d8cd304b3b52fc443f50fcec981ee681bd0ce
receipts/independent_verify/row_000603.verify.json	0d5ec4279e40da0c6961ec539e2ab50e157a19d2fbec0bcce0dbddb3868cce09	09d456b0ace87117c352e5f96c9cc82d3644c4ec1c2f7f067cb77ce23a03bd1f
receipts/independent_verify/row_000604.verify.json	df4dbf3487bd241d1071e56f4b7a2f81ca108706d733c21c4500259a4dd8fc83	ca9bac06d705180045fbc7969c450b984e591b5e186f1c6e235b3efb5401f723
receipts/independent_verify/row_000605.verify.json	e9443f89d54015dc202ffc8676712ebf8e26e19fba95a28951ca4851207ebefb	84c8cac3dc0d2d630b8ce2cf2a88c7453ebb24d9456cdbf658883ca4db18d49d
receipts/independent_verify/row_000606.verify.json	0f9ee3e8c1d6ac226ea1a4b60e42b02ca09fc3f038c7f6f3594bd4328386c051	87f20f98ab3868eb956e4702c075a5635594a7d367dbb414c9852a59a04029fe
receipts/independent_verify/row_000607.verify.json	559d0b595d113930e0e325f4845a83f75b6139a173037d75a6b4580933db2d4f	60dd2dd6f71ed75ec3a75067dc958c5f39c747eefb3eb7479167ffa59dde49ac
receipts/independent_verify/row_000608.verify.json	1197fe7193c6ac3a30c38e53e3349d55c2cf2eb039d6296f6c20c7f3d2d82ae3	77dce98ac246cb781b56ffac19e0ccbac04777ab81750ac7fe802fce830246ef
receipts/independent_verify/row_000609.verify.json	edc04647064d52a07d86ed85fe83d3a10f7f20e04aa287c5e026c089154917c5	946e670318f61d33ec1139dd1f5026b38ec6c46f1e08142d7ad7376c09abfb1f
receipts/independent_verify/row_000610.verify.json	5f53b462ecd9dceb08eae7a4543d3b2251fa964cd10842223dbf5423a9d6e5b5	3f2ccbf3e11d9810ac028bdcf7b229abfc0e630b6f8d64af7eaeb1ac2fb55a95
receipts/independent_verify/row_000611.verify.json	1b65a070271cba6886ff869ac99d4ae96a25b79665cab8bb6b39a3f13b489e67	60b63f500d0d0731ca82dcb47c29179f8cd07bfd57950c591dd6b470d880edbd
receipts/independent_verify/row_000612.verify.json	f47b7ef8243349998edb62e240d544d6695269e9a22e6d6412a0d33209418402	4a788641181876ade08c366a79540c10c2c14e63f9deb3815f8807ac9132ed9b
receipts/independent_verify/row_000613.verify.json	ec4b3e465505dfe4e4a61156c4c65668992db0eb5d0b7aa5bd6f18f886df3319	ab873c6749f4115c2628417702a70e65652890ca542806637fbde26fcd665622
receipts/independent_verify/row_000614.verify.json	36122c5383edbd71bbe87815938ba3dec7f7965ed11bb1e75f4b4354f497b8d7	022611c76a470495da9715db46ade95ce510c7893cfa587d2605016aaae5bb87
receipts/independent_verify/row_000615.verify.json	9d777455ae7b861e97f810acbcd71a7758c1a48ad44b8bed5cd804780b97d6bf	5d5b3a736afec8d5aac0e5a4df6e7c9395630b96ab569f4a8100f439973efc68
receipts/independent_verify/row_000616.verify.json	43e68b5a36703e9f637b2a9d36d3bee8dbf459bdad1efd0c43d5dcdc6d201c39	8932d429f8204f22e341a6874ae5d0480363df9c507126981ab2686ec5b71307
receipts/independent_verify/row_000617.verify.json	e9e9edab98869e768cb5057b138cfe624acd078763618a8791488572899eecf5	9f12344ce0dcdc5c169d541989e9158570b4da1b95f5c279534d1c7085eab2ce
receipts/independent_verify/row_000618.verify.json	23897d4e4cf04734d56e9a0b6ef603caa2647e814fa7144d3e8b659fa515e587	23f31103622a8989d1d08ede435eec0d12f81f360866e39ab7436dae04a19f7d
receipts/independent_verify/row_000619.verify.json	618d865e39acb336dc05a50bb4c4606c490389bbb91d31d486b0dbf022171ae0	a7f4409b0f2531e97705330f2999797d0f3d39a84fa8d560618de5ba830b1add
receipts/independent_verify/row_000620.verify.json	8e035b7e3828f516aaa03ec91ea50dc65dcc3426ff64358440a81d8f7c864b70	d09c1e8ac977c99c1f7da598adf71e32445090d29120b7c91e241267255355f2
receipts/independent_verify/row_000621.verify.json	f9d541c869759254aaae1b732553baa67ef0f43fdf25a83efb94124a68188728	2f21f1182cbaba41162efc0514e0cba142960b1960234e58ebef16fed496458a
receipts/independent_verify/row_000622.verify.json	7878603efe39e5446c2f4161c79cdb656381356153595ecc1044cdefa54beb00	c68d901bd8e0c7f53b07ac5259e239ca3a19545a28c82749e83f1c3e278d894c
receipts/independent_verify/row_000623.verify.json	645c457448622c62737b75b663688434a50bf6db1e8d73e147ad59476bc71944	87d333f79057f094478ac8bc359c692bd126d9f3c612ea61300edea881f27a9b
receipts/independent_verify/row_000624.verify.json	576a729a9e5bfda6697904eb084088d20ac9f76b5f7c93786ab320231a4b1354	7c464ddddca49c263f7b05cfd4f401c1ea1cbd49841acf2aefb28c02a330a1df
receipts/independent_verify/row_000625.verify.json	1df1d9eb05c26cef3970c916b888ecb4f6c0b754531ee614944b89e02c2ea3ab	70674a5735dde425ed18c589147a214e7855df29302f5fce8bf4d6255d8e5342
receipts/independent_verify/row_000626.verify.json	e54201fe511f5b7cc8a3fc130dc2387bfdf3622fe927dca8a739083d95885713	4ff41a6623d1a7cceeac6e45ba5bcabaa0a34e7d2700bdd057d91da54d05d8a5
receipts/independent_verify/row_000627.verify.json	e9c1b5da9e7bfc9d8d8c2c3284816062e9b46c7c1d859df106b107eb9fb8f984	871e597855a9edc356ab5d3adf948202588deec919dde1610c1b5ad23b15d5d9
receipts/independent_verify/row_000628.verify.json	cecbaae69b0187c87c69b96682d1ec41caad262caab88c263698e708adef4ffd	9ea9db03e4410c1140261024c4ec213c1aab7c2a52b492bbe96bcae7ea554e5e
receipts/independent_verify/row_000629.verify.json	4240caee627e73e900c8b9511f930d23ce73c468f94370aadfe441b6f3c81fc2	078484871ddf3bee3a4f5f4cdcab3c9627212b79bac3bc1536ee835b810d5430
receipts/independent_verify/row_000630.verify.json	c0a0f1e06527990d0526c129462362e7b0a572e78534891cd4dfea7ad2a79004	f489711debdff67a9dc5f04c36f0b892f13d6066351880b89d7a08fbfab58411
receipts/independent_verify/row_000631.verify.json	ba24df2d23edd7d270e7ec51add248f297b897a2ef04b014db27d5d256308225	8d1aa59005c8b756f993aea4252768e30e0e915d747550447ded4a9909d6debe
receipts/independent_verify/row_000632.verify.json	584733b0c4bca50801ef01a7d45adf267a4f1f32478a0418d254025cc9a363c2	e62bc501d394b36a28ae46491e8af89e2e1f8288f98cbb5df22ad4542c452047
receipts/independent_verify/row_000633.verify.json	5000230ae0b56dc5029bd5300638b264dfccdef52a7f736bd205439b45b49f5e	f50583b1d62f8e32e581c3905fba0d8549805aec3728df9f22c088afb356155e
receipts/independent_verify/row_000634.verify.json	79c0cda79d082ee772bbd00903058e7690a97fe5e783b33483389b9e06cfa1e3	241be91780cb2e3ef58797152e5c648884e9966269917b9c2f7f5bbe19540179
receipts/independent_verify/row_000635.verify.json	6e0e47b71bfaad14affb29f2e30e3acd1067509dca2a2cd1ae687b87004dd71d	89f25ab32249cc3c9e046b2ff0d03a5f9a051f38be7c86cc04e618b5e4ca85c9
receipts/independent_verify/row_000636.verify.json	393607f00dbf18b2bdf2e3c2080b278a356cfa1a40082e25a19020d12e90815b	378745ef5217bf4c3415c47110beb10366a04bf571a52786e8365049232e9718
receipts/independent_verify/row_000637.verify.json	e5b339092e0eee7b8b7b975bcc5c79e02a9fbf77f3120c6a17726648b83d81df	a6a53eb7aa88ed8aa291931d7686a5742101e26cc6cec79e895af1cb9fbf616f
receipts/independent_verify/row_000638.verify.json	dc03f997d2032b68a85418fd0afe957dde93bb0c8205dc911a57f5d1653dcaa7	d9a872a5d8575a80947ef9d6b4a99f2fa117add63b4d602c99b097ad983702d3
receipts/independent_verify/row_000639.verify.json	743cd095bdae6720561f9834677079d144c08b3dd317ac33f4c045fd2cd265ba	9373ef1b48858d2d6b243b9955910767cb43ecfa52f003c4d70953a707174c05
receipts/independent_verify/row_000640.verify.json	daa3fc5c57086d8ab465c225bb006617c45448229f9dade040c11e83885a6df8	415c11e7b54d86e7f2d83a5bb0f118f091d0e63aaea008c1ed63ce2a742f91d4
receipts/independent_verify/row_000641.verify.json	9af6d9e461063b292d4503a9bfd2b013130fe52a90738e60ad655c49b7206a1b	2aaff975738ab0e4e4d087b431d57c49508af51346d24248bf6804b5893807f1
receipts/independent_verify/row_000642.verify.json	b5804e89a1beeaa96a9ee66c96b543a887203d1b65128a06d138b6a9d70ec850	071a30e9e799766f863db404730e16073e6200419e365f383f3e48932d4e5ce2
receipts/independent_verify/row_000643.verify.json	1c4fd6299e200d78705f306d360e7f8683e7e24f31e5d7f549f8939995ec3f49	24c9b53fe5754e2626ff5f1decd1bbd1314571c26b3d02c95c4c56592fcc5a12
receipts/independent_verify/row_000644.verify.json	90947fc9607657282fddf783cb8ce6c504770c07d9d09ad423a3ba7127ae68b4	768266b9e04e2f4caa81d79c77581e9d3fd5cc021ca8bd59904582777ce41ca5
receipts/independent_verify/row_000645.verify.json	c675b652302dc0ca4ce36a2b5698b253c94f5b2ca3cadeb120fae3dafb6556c3	71674cb269482e478283edeac913734ab76f772e6e8d528b6b05decaaaa4ef47
receipts/independent_verify/row_000646.verify.json	b4bf8479df5cdd512847fcb892441a59f968458d0cba1d94cff6f5a79eeda7fe	e4c0721a52477a68da031a2fb0e501f7d30a5575ceede8364e089a255cef8e3b
receipts/independent_verify/row_000647.verify.json	e78fa3c04bb71bdfb8decee1b70ed363b6be920347a4b696ef001d1fa0f04d3f	ff7f2c600ac71e3bf53c6adc4cc2a3e9a14a0eecffc32af988937d8b30de49bb
receipts/independent_verify/row_000648.verify.json	00d09d95f0e7a5933cb093a94969377492d3838c3d3d32addc1860b919bebaf3	db6e8e948f361458d65eca69cbbcf3c2c27d6f0f4cf6354bb795a33fc87dc0f4
receipts/independent_verify/row_000649.verify.json	43c7ffc230e7ab71272f390ffe838c33f6bc8dac0fc68b482bcfd81942cb9b85	0a80be9137d18f2c94a54c9168f751cdc130d9b62bacb96643d91d3345e9a193
receipts/independent_verify/row_000650.verify.json	1e680d784cf7667f5efcaf1cde6795c4475b6c0f76049ddb248a78966cc2d272	76b359000fc9fef0a66d7c2964f826df30b19a3b3272de7a4c4156822cee4fb9
receipts/independent_verify/row_000651.verify.json	c316139ae4e12aea6a6e50cb144946e8ba30cc42400e915fe8d2a6073e068328	47d88dc55e4bfad684cecc5a538ef634d87658b56ec54ed4f2f8f76a243f5a1c
receipts/independent_verify/row_000652.verify.json	27219bd36055154dca0c3b7c4e31eadfcdaafa2983209a181b3b4e898ce2302e	da48af74e27245e05f6ec57c8b820c3b17af869101d4092c53554d0f4c7d91a6
receipts/independent_verify/row_000653.verify.json	815326904ee0a204aec7053af4e507d4b94a6de39b91d55b8c87a503cf46287d	69a16a375137bf21aa11adf3ce7b090ff1a5da7edfa17107e1944a3271198672
receipts/independent_verify/row_000654.verify.json	3bd1ac0f77523f003e6f2fae4b0870add9c5bdd6e6dd99fad6ae297f1b8146b7	fc3a62ea35055dadfcc538600fbe786e32c3b40f41a397cf6f19f6537706f2d1
receipts/independent_verify/row_000655.verify.json	9d148f8a52f048690379a6a359b80a25932ae2fd711f2d21ea55b074e774a973	774dbf00fddc2a76cd6833804024fd993852cd9820787e5805a6d809451b4fb1
receipts/independent_verify/row_000656.verify.json	939b9be5cc7a4ec78698a2720dd560273f1ce228d5c49a8d7cb25fa1a374314c	f3d7bc4ed1d657dfafd12c7f851931f1c99efe3777d60bd7795defd5d18ae20d
receipts/independent_verify/row_000657.verify.json	9be1e5ee88b20ddaac51d1538f5ac074d6836db71cdf4dfe588eeed99e001e19	decb6d45bfa44a06d759e8d0165dc107e1e956e2ab0ade261493af401388a854
receipts/independent_verify/row_000658.verify.json	e424520c3f93553a20d78d4aaae1fd47941dcb719497ff6f2c442cce2735f746	a2975a4ae737c5ae66e7b0d76508dc492ede7e7d7406fd876d0f1e10269e97f8
receipts/independent_verify/row_000659.verify.json	f890aa34ac9844935db1c20c7450243b501ecb5e3a9793a11adfc9e20d6a29b6	be026d3c52ed5844c85d5f4b14de265da57a03695a182aaf85dca01ef044c3b4
receipts/independent_verify/row_000660.verify.json	e17c3be24503ac2f281abd48f1e51195d692402691fe50e3f6ca4d7736e189c0	58ef051a2ae72378ced97f2af627764ad991e7bdebf1e47c5929ad16acf694c0
receipts/independent_verify/row_000661.verify.json	71186c424f2fb9770be5a4aedf9aa0293a23e5942e601764844553fd60affd36	60966136584e6ce5174224a5a340939719ca4562bcf117b3fd647eb93e4a1b9c
receipts/independent_verify/row_000662.verify.json	14556bf7f72342d029d37a799d4bf62b4272b45eefdf788f712b4be9fa3200a7	dea918f4e5af6985d0150f964acb160da1ab98fb4441e2e78cf0b4541e7b6b65
receipts/independent_verify/row_000663.verify.json	b680fda3fba11019f0f14894278d0817ddbf9c3c6edc90a1bcbe982b26201966	23d02009c2dba92d1ea4c1d618817bb2cafc4255c2bdd27ebc6ae1ed21c6d5de
receipts/independent_verify/row_000664.verify.json	93e7eb0c2c0759610cc4a89998df13db3e420ba97f10a832c1f6efe7d19fc340	48bd2371e12a0bd68ed43f7f4233e33cc3b81f64cacc1561fb4f2b8c0bd3d142
receipts/independent_verify/row_000665.verify.json	233c70d7b7547edaa6843b0a7b83234f364c2e0b899943925620ee5cea694f0b	465cf4db6d6db8260bbdcef7184d1ba19409ab82394c62cd6c302f609f22a38e
receipts/independent_verify/row_000666.verify.json	7e69cd6d067f1324c90fc582e1cd3200dc8cdf7da6188a66bc6cae41c6adc1c3	f22af3f626743960f275123d721b52f34b78470aa448a2a9921cb6a57d67bcd2
receipts/independent_verify/row_000667.verify.json	bf1cc87c6377a8901287ee4403e91ce02c4eebbae3625fb758d7303c98f89e22	108d69c3716df667f34e884613f11e9c464b25c7dfbcad9c3e518c2e32d97502
receipts/independent_verify/row_000668.verify.json	e338582831660b3fc8778aa55adabd29fd5672685c73ccb3302238815cde5cd8	d812fbe936e313cb0912fe526bfca7c1c254d5a86c868125516d8999bb8dfc6b
receipts/independent_verify/row_000669.verify.json	a3407d595e7a432afa6086209de7205432b93dc1bcd8297eb453e620c744d680	27003376457c4a30e014dfdf4635f2808c3c8197b186e4314fcc9b00202a6e57
receipts/independent_verify/row_000670.verify.json	818dfaedd8ed037c046e90036cb558c8ac6ead279edd922d5b27dc0356cd32db	39245efad11d617ac16a528971e480a49ce251fd4d603e28a06f054257d908b7
receipts/independent_verify/row_000671.verify.json	26a803ed02874cc0d03fa3bcf518862e011440551c8bc9145581369949ae3353	ea84baf20f6d0862d7031b4b194e773cc97ff9d59194529c2b6b493dbd0e9358
receipts/independent_verify/row_000672.verify.json	3b0c5dc015577e39dcb31fd9410b087b15ee0d1c479ed5fa6d744e0aebcacf55	800c3fe5fead67fcb592fe6054cf32e56f33fc2a2634644dccde527f896c69d8
receipts/independent_verify/row_000673.verify.json	d709d99b7dbbf5ba59b040f96d881570fa9bf326243f74d2cfba6d556f0453b9	9e7fd854d84622b68b0e25fa6855cd9ffc24491e80f2e1393bce1b5cfdd765f1
receipts/independent_verify/row_000674.verify.json	c2f69a6d27b9f440d11b836a66274d0a53d32b84f3c89c81f8f3fc712a4bd507	a42c00968ae9537030099dbfe3af910c75d5bef79f9411e6f73a2fca75ed2a04
receipts/independent_verify/row_000675.verify.json	6269df4e73f299450bc7649f86f36b9dc167fccfd6a5b0f56d082bd11d30d916	1a6ed61d68433ab2bc7078900a38eaa9236e4fc612e8615bbad36906b1297cb0
receipts/independent_verify/row_000676.verify.json	b5a6080579f51ae66f2cffd2e40dd9baaa8a375559af89fd33d761e27807b01b	294e44236f72b15924120eda9e9d9bd92c3fe75d4d3d9456e59f73a33b041ed6
receipts/independent_verify/row_000677.verify.json	554cbe5e38b32b48a2b0a32e1ab924ce5e99df9436929a9ebb81fcc8c58b2864	9b6cc73bd51b2112a91bc6315dbccfb490e761991c3bddc1009b7426ab9df701
receipts/independent_verify/row_000678.verify.json	89952c6d060f36ba4d30914b3e4ba20a0c31861e7d76bee01af280eb5b4765cb	40d09f3f2d9e18597e6ce56fd37cf17093512360dc37d9681dc9197d4617fc45
receipts/independent_verify/row_000679.verify.json	7e026d83a26b496e2576ad44676baf1be95072a4d91ff20f799bed11b90e08f6	8abb60db51f7cfe97a5336c9b4a33281b7adad86d9df06e5abe998c14eed4518
receipts/independent_verify/row_000680.verify.json	8f1f5f4c99423ef89d11d004bd66a1e757a3162141204baddc43239f8c7603ea	ca88a95a0b1c936174374f19d44b43d35b737a20909195f5c912d0bd0209e729
receipts/independent_verify/row_000681.verify.json	b1f2ff7e30db4445fe597ee34fc206664f83af71fa7da13a12c3a5d5005d4cbe	c99d8c3a53cd9b89344d8bc61ef54fe8d355fb468627d8c9503d6ac8b8001818
receipts/independent_verify/row_000682.verify.json	4b07849b98c40caa9af682e066dd3ffc268517ff0f16330061895bba46c68739	981146812260aa1cef8fd789ed2661daeb857e6cbd37992edea961bc5d72fd86
receipts/independent_verify/row_000683.verify.json	8d88f02e84a6acba5c2a6072ebc17dd02ffb087cf050298876d25100984c8758	3964ca584a7c80b5f8e67eaa5e92e638c6b18a6fd4b13ba7ac8aca442ae9bd16
receipts/independent_verify/row_000684.verify.json	a1865bd364a654b80d968e02bd8377abc1256ab9645e5421985d6e6a704f6eab	b0954fc2d715b19cfc4288e52cf21ac413ca2322dfba5b9ac9664b5932f5c645
receipts/independent_verify/row_000685.verify.json	dc4d99976eb113b892cebcd4f3ef3397d982317ced73b1048b378f3698bd9259	6f111805fa81fff45c7adb980124c8306c3e1ba52872b0d7ee2871a839459cc3
receipts/independent_verify/row_000686.verify.json	f9a14ade5dfc9aeb1d859acd69a54f62f57a3f1f4d3454627aa60eef2d3c4ad4	be1268721a7e1d79d2f8326a53ec2bd8d2174a3cabd40dbaa1601692037ebec2
receipts/independent_verify/row_000687.verify.json	c73cb253ad4a00c5963300c42e3d618fdec2b8bb2e2d50a477a8170f91a21b8c	e705a0a2a22083d2c49d6c09f83f5cb5e8f8ddda6ce07645ed1d68b193c688b2
receipts/independent_verify/row_000688.verify.json	95f6cdf2bd124ab4de7fa7812f859abf5b758d7a22ae47e01b8780680cc385a9	abc81432ad97d127db3e9794e23bc7eaa7ed8690c3da7851902643c52c4dbe15
receipts/independent_verify/row_000689.verify.json	43187775933b338e26beb939ad2de1e1fc13d807ddce0b58d7a28bede05e3b70	0fc4f5aa8af7150b2337d9906d0edaf7daf93c3ed68a288c7886c04903dd224c
receipts/independent_verify/row_000690.verify.json	8401de87b59e84345e55213364be3394175817da2c636591dfbf1a7309764be2	4e98284eb075e7b93ecf8b72cd6034979ef6906cb215872e154e906a22372ddb
receipts/independent_verify/row_000691.verify.json	21946665954a85c6f1ddbfb458001aad6d88ff8a1dc95409a864b87b69497b6c	236d2d3e9152b89f171093905dc8eaf2cbd32f39914fe582ec2c2f43ea4b2212
receipts/independent_verify/row_000692.verify.json	d1c41318928bec8ea44264224ade6011e78c8b5216184d668024261c6fabd12f	fabcbcaabafd97eb343646d33b36a9620244da18f33d006c47ebdf6cc5b940dc
receipts/independent_verify/row_000693.verify.json	9b75547ad60084f052f9fac7aa88d134763b2c1a5cb8554307764845f327187b	3a3561f6b53febe77bcb500b46477ad38929a72119abb4e34bbc09b6a302451b
receipts/independent_verify/row_000694.verify.json	e0d114a19bf20c5604a1bfd63316cf7ceb4e6f55a7cc45c36d14dcd9285c92fb	85d07bf3e0c17a2c36d4a76e02c0aa09202e4653d454dfa5d2d99cc0baca741a
receipts/independent_verify/row_000695.verify.json	957b30717e6e150b4ebc0ea43d49bd706ef246267c467996bdc21a6542c085e7	8c3ff3dc4dea1f36e7cd33917141e20a2155cec3cd1c8db43b23ae30c3b36ae6
receipts/independent_verify/row_000696.verify.json	829379c5406957a1e34dbc251c0e8416a71304579cb4b2113d3d9a33342e6d47	3ee6c02798adeee31955fd6e01f1a879402370b1d75fc309412d2f45a5f60678
receipts/independent_verify/row_000697.verify.json	1e29a9c15f8b6172014132a1eb68fd8225b966f8ea8ac3ea510ea205933446c8	db3268a8ce422c8f9ee751c5f36e01203a96e577c571e7d5ed3bdf7284c0bc81
receipts/independent_verify/row_000698.verify.json	8f33cb31f76c6b198c0a3075d9dfb4294462875357149b45cacd1b2c371cc8e2	6d93bd0af689fad9d03d6b92ea69035d799909145eb78fe31be55939cf45444f
receipts/independent_verify/row_000699.verify.json	d25048e47f03a9bbe9c12e8ee0dc8b06447cfdccfb6892db6da5bfea6e02a8f1	f52af396e782ddd2d7a10f2550ad0c4e250c943a5992a80c7d0fa17f36cbd1ff
receipts/independent_verify/row_000700.verify.json	2393e925ed216e4d9d330fee4b1018dd1f81e7aacdc1aa9abc8ee60e46887733	e37b9e01601ab8571c0770cfac01af0eb82ecb1b65fdd69c4d37baac92f05030
receipts/independent_verify/row_000701.verify.json	098a074434432b31a781e0d42ae939098f5db25c1d0720d828e6678a101ae517	1837abf129380187d0589e985f21f34c6c570de27891694d01040ff31de51b4c
receipts/independent_verify/row_000702.verify.json	33e8c7bb15a0627a79ca5bcde6ee48b9667c387bbf5f8642002ea6f36b485e2f	3b8c7aac32074210dbfa1a5cab63fb9be19c1d58b3d29ff4245ad2a24d3ecbac
receipts/independent_verify/row_000703.verify.json	6e6b5e6d04ecdf71ca195c3fb74d612737b3428773eb476576f14668f8d40e17	8a65006de9f5812a576af6fadab944673f162f6416a2bb5fc72cf83f4725ddb5
receipts/independent_verify/row_000704.verify.json	025fa17f3e05facc92641ded810c42d3c164ea37909b78b1b2046743a7872bac	ab819fde86bd5eadde4c9ca5519623213a31fb17fb970966ab94b10b9f6f0e08
receipts/independent_verify/row_000705.verify.json	8a223eca01881bd842c7dc6c62c8e72e0497dba8952092f493bef0310ebb1d65	a8fe079be8ee26f274c7e35900a9062783f585ec4cdb95830dae8163e8ab306e
receipts/independent_verify/row_000706.verify.json	df64dbb59ef7194d41476fb0f361343812e77833238aceeb3248f2eab7382fb8	66596a0df20c205b2ef31052e3e4bdc90d18522591289cc92ea1a183ca5ed093
receipts/independent_verify/row_000707.verify.json	cb0ca84d805763a8c00983754e8043ab7b5a658c45266cb28e0021d7e0d3b4ef	1416ac1c4093e87a5c260f5096ed42381b866d9ab005d75f8702e6df6efda48b
receipts/independent_verify/row_000708.verify.json	3b025c7e47c99ebfe53eed71b2f1e48baa4f68b969352bad0f8edcfc1a747425	4ad45ab5d4def7a17ebf09944bec4f11a8e5218c936a65cf34e84f07ba22600a
receipts/independent_verify/row_000709.verify.json	fdf9225664047297bf22b351c7f72946669dd15c6c20a0e4fadd13774fd1a84d	5ede9782e56696005b424c07a8204f9b5704395ec5c24be162bb3a8722e77dc3
receipts/independent_verify/row_000710.verify.json	cf0618d1d29a1b1bbdd9316f61887dca78ffb81a3beab7f9dda14ec2f0d52334	e99374a38e7ef442a278b4a544bac2032c587c92267691797f2c770b5f40f248
receipts/independent_verify/row_000711.verify.json	1637fa724ee82442f62fe736fe9520a474c5cfba0a4d2ccd3a1aa1db5e24167f	990d96f196d98fe16be6040271cd2ae6337ccfc5c50f78801f94ec460a60f6b2
receipts/proof_controls.json	562739333773d833777d6d16877bb450eb230de6ae37c6310cc336937f0de7d5	93058de6610cbeeaf3d1345a01322370b556fb134c16013ca183932fadbf6e95
receipts/row_000600_receipt.json	7f1564159863dd852a098aab6433d9ba0eb1ee0634050245187109efcf6ad995	9c2985c93515e55042b827d7e589404f07f3f8a6024649817689c2e1a8536e6e
receipts/row_000600_verify.json	1e1365b54d6d2bd27c3ab774337ee9a19e2676cd8281055c839794d1f0fc7382	b413770cd0376f45a3e0b3d039bd6ef39a1a60ea8a69426f99b0c6f6c1ab03f0
receipts/row_000601_receipt.json	a2129d52af2323345c72a3800ae620831df9a185a3907fff80e52d11b8094753	67d01708cccf045774bde9682410e159ed0e56e0320e726a1658c48aaeb5d507
receipts/row_000601_verify.json	419e3ff2a5494be9041b71810d214663b018197d7d85404cf2b23d7c47b4d281	a9465cb110f343c6c6ccfc7ad348cf2f27e3e79e50f29ebd9bbe1a5cd546cd6f
receipts/row_000602_receipt.json	52c10ddc28c3f040e46f13fb31f153ed6fa07d376e8d1418699aa53febf05f82	7251b9f21868d827a7c64ac6d1394928da27640de3d6cd344108e7927e616a57
receipts/row_000602_verify.json	715f373cb899af9c767a4c379e2d4fc0c8c2c71cb1fba4cfbb46c4129200952b	2e0e480df1a64ea967c5afb9233262a6f01b88dbcb1e8e247fe32ba85188ed95
receipts/row_000603_receipt.json	90b37e4cfea68cc99004b24f41e8fbc7c734f476cecdc10ff8527b87b5d50c57	5879b5d9dfc02626bdb5da02150a18e090af4c65db68b58e3aa643301b6dac57
receipts/row_000603_verify.json	f59dcb2c7ca4c09ec3e522690e946cc9737eb130a5c41bef92b41dead3ac0524	5fd38378f38624af68c445ecb14648b998bb6b1b685fb84c32b657d0a97625e4
receipts/row_000604_receipt.json	fbf1dbab394358eeb215d2501772aceb75ec6c615a513d456451b5a9296da342	4e5e7a2b989854ade7442e47f48afadc26e6b3b01e57771e01fd17524d7fe9e9
receipts/row_000604_verify.json	1285d6b4566752f0ef5b602e62d07557fa068ed9e91dca8f91f86d85d769e53a	8f41a4e67df118da8c833a4fa71a346df576365dd3bfbec23cf2ebcffdb82b8e
receipts/row_000605_receipt.json	42e88bb5e7fac2228c3cc1a65827c595cb32c556aa0969eec0aa375fd286443e	706936358294691a0e437a4089ef7cfba825d6f2be6d9d3d0c62f244dc6792a9
receipts/row_000605_verify.json	35ebc9a7ff273d2d4b1cdfc81531c006aadd3771a6875036e7bbd8d9044cb909	d9dc553628f0e9c0e15362b3a48794260f4f26248bd23c0a5397c9b1be9e0087
receipts/row_000606_receipt.json	324234863f67ebcef07910c54b404b8bdb667c1a4b8141cbf5cf85db7c78002a	07a92e0d3fecb51e0b7fe7e351ea42f8a6844fc90b3bf7c549b58f4e22227ff0
receipts/row_000606_verify.json	0d5cac811094733d73db441c6ff42956961a44cd9b05dc9a4dbcbdbc4c8145c6	9cadb50fb770cbdba2df7cb745489e451de6be9c9303cb9e593926305323b5b5
receipts/row_000607_receipt.json	7a3729c1ea77b5885d52c6a5e06661d3b6f537f34a2bcd44ef7c622aa3909043	70ae4437abf52880ad1cb01e57af2bf3d12206dc07eae3ed865e16ca1c505718
receipts/row_000607_verify.json	3618dd5a35c6ae6d07a2f28b7e0b8b033e2538e13ebde48bcc7852b1350155ac	07cabad987dc250fe5f9bc58e48e478edc0debb31ae9e7ab63e7bb6fc13dfc07
receipts/row_000608_receipt.json	048eb190d752996676acc8b9a4f69898054a524d388e3481d70f7d0c9ef513e3	b88a258f502b910347a9e52e82737bcb344f016738c7a9f8b345f0367f1bbc93
receipts/row_000608_verify.json	4efbf6cc3b526176701c93e8c399e988def9b7ac7ae9d20d9d726726d17df894	f1a7c9470e7d077f0ba78e78e87ca5bc85e53f21a6104ed5855d9baaef91463c
receipts/row_000609_receipt.json	5db6fd069b99c0cab97fea45de5001a3a7ad767e95a813a9e3fa99a8a53d5c51	91308c9249e9cc9a28e789d2da9134af037db7b85417029ae7e67c19d8ab6f41
receipts/row_000609_verify.json	aac2f294a608f2e7e40e282c497a3819d2124b05ff3eadf136c11c7d0a8f2083	35538f6d014c09e97b1ceef5fcb1f2ae20917f7efff8d86ea486504997f9aebe
receipts/row_000610_receipt.json	0430f0e58d93118ea19014a01b6ce3c2cc79d84af0f4a25ab88f5647cfd16f85	33534f0e7221a38e6cca2863759e74effd3359bd76574ac3fa6485ee745f494c
receipts/row_000610_verify.json	7ea2e7a0bd82273c5cfd14548585aa2c3a8761f5ca41f87d2e3d94c2123061de	5c6245a5912a217465bef9bf3896e9802b73466b91d73091cc4990f0292b24f6
receipts/row_000611_receipt.json	b912873bf66aaa960a2217c733aa9aa94a71b2fd7ddec752887077c593b3c964	2b3e085a05b8a5e2e56a6fe6377b269a586d6b4712f370758ea4c1ce594c26cc
receipts/row_000611_verify.json	41ba43791ee56bf602e8d5a5fee21364a571ee455fc610bb1e7f59bb5789ed26	e6649f2ae953f32ea189b63c55ecd26fc6af39bf4678fd86dd4aa4fbc2ee0a50
receipts/row_000612_receipt.json	4b987827b03267ca56c081649130303817e98bf943022fdd344ef14929969eed	441c9d9e2d47328c38587a5609aa014be945a9a82e8d5817a704068e7091ec15
receipts/row_000612_verify.json	d99abbae92f61ea2309a7a613cdf98fb142f670117c7a33b52822624bf579f1f	888cad8e78e87cd8162af7e14c964b2e5f0346456f7e8cc2382312ef19040a05
receipts/row_000613_receipt.json	9cfc5ab9091626eddb85121d47b211dc98283cec6779396f3fbfdc7c7c6509fd	4c2a3589a5a3634d35a3ea32272a3989a10c60a4eb427e8e84767cb63cd25983
receipts/row_000613_verify.json	82a4e6595535ff5a1a5cc11bbedbe7aa561c45c9bda5689e8a48291f85f5024c	7689623b001639d5cd7a496548ef7caea76368d222c9700e383708633cf8c809
receipts/row_000614_receipt.json	d58464b9f372d6db6cf561b6a5b09a922d55565f38bbce78f767dd03788bc194	2de1abbe31e6e629de47287a3ffbf5accd95f02006e831daf2c42c857248097e
receipts/row_000614_verify.json	38857655a6dc46574838f9981446ce0857be273ef67802f56b65b7d9bab1a104	9c180e0e92a2d721c68e114d8fc89c23ee624f5f49b80332e0891c05ad6c2a83
receipts/row_000615_receipt.json	d0e8c4dc155d92aeb210fc15fb674c48e591e01071ad9d41cadb299a6f204423	a07d571c52524225121e6e776ec1f2fbdc2e3b9913c23b87a58e7017f8b63dd2
receipts/row_000615_verify.json	0f56f8561d9900aaf771d4cc019850182fe0f858be8a39c93c27d01dade4cf11	46db9d6fb710f9efea51f88bb674e825f3d5a5280d0cf2796a9e4f8e258ae302
receipts/row_000616_receipt.json	f6f93369d37fad660b5f25f887240f1a3b35acf63c326205d039c5c805863a2c	cc161589873a01bb69ee8d9d0e5f705595f89f220a0940aa1ce3f9f3503452ce
receipts/row_000616_verify.json	bcc413132e5cdedcbdf99fb272b1c42494a491c1d0139ecfbadbd69ea978d0a5	3edf0b9534a502ccbda7f66fe7d272f178cc751e620676d7a300e5efbd81542b
receipts/row_000617_receipt.json	f7b27526b6e9200093b700fb1a0741d53fa3b87e4c5a75a51112da11961fe7ec	d86003d27073213db8405087efb76d8ba4558b059e78309a646cdc789485f913
receipts/row_000617_verify.json	8c4000d49a949cb3690ced7393bfbbb28be79e56bd2337aac4eab5b72e015420	fab48b959d37a4cbca95bcddbf61cbcee75aab29c71275b274f528e776cc504b
receipts/row_000618_receipt.json	0319334bc05b9c88a2135433535657f86ac1fe244023aa6b4b1765b3bcbd6bd0	4b36b088302f3080eeb2da9e5627cdf86e4ec89b537e6a815e7ae59145679a88
receipts/row_000618_verify.json	9b7c5cce302710c654b6af332112afc781ad5cf2adfc1105cf5123863e146c4e	67bc76041ef89570e54c714dff940e7b5bd4066fa836ad6652edfd6c9d34273f
receipts/row_000619_receipt.json	d4cf19b16d79cb595cc59797087c2f4ab3057d9823d0eec5011b5be543a4e808	8ebec4df6558c1a4fb2a2590589f43aa1ecf92e5c0e8150fa873796d0839c1b0
receipts/row_000619_verify.json	ec38343ae04a0a7efe7228ce8460690a9ee1eeb84b6a8b098c97db6ef384c61c	1ad07233cbeda3b06cdea3aa16a7da1fd9792283c6409e6807fc57328a049fce
receipts/row_000620_receipt.json	5630c5d84f9c1a757404f86d6e4dbea4ace1ed50869cd5b5dfa32ed727b77a3e	57a587a43659bcd3a99a089cb564b49d4866dcc68f8b64d7cba9dc0f6f99ce35
receipts/row_000620_verify.json	bd8e0fa6b5b9b043ed0a75a7de8f7c0ddc2aa31ee2dbd78e0ec9eeef6e4d71cb	b9d7d5bb94067aa0076694ee836ac8ca0920df6c0c9771800fd39b8896b34abe
receipts/row_000621_receipt.json	0b95cf498b205ce084cfa781b056586d1e195f247009b8f562778b4e1a1220f2	d8442411f85c21b84bf759a04ba22c72126e6de7dad35a26e325a46973914dbc
receipts/row_000621_verify.json	4b99141a5b988e3c915436e4ff6f86bc1e93efc766b0244c65d6ba67939f1653	32d3aa8c7c8207f60e24a13251aad57fda2659751850035465b3f552e620c88e
receipts/row_000622_receipt.json	357c0993bc1d64a7e4047909b1205598252a2c1cc90d32de8be7117a05ec8dbe	e7369b4e27e358c1d80b737027d08b75c09b5ca23eff80a7a889663c8546552e
receipts/row_000622_verify.json	48109af74b56f8e705b2a898b98e2e0b713005af8b9bb9aa690866adc85112bb	d9bfeb4b6c43c5724c423a04866a5a8a4364df551510b3cfeb65797bb6aca6af
receipts/row_000623_receipt.json	0a1a467154febf74adcb6b39c54751872f901ddc5defa70fb998f3356c758675	c6bb118b78643a91d0f4f6196729992c86ea88760561f37e270d9cf7cb8a0724
receipts/row_000623_verify.json	eab2518aae698d1b8581b31b258ff82a0b60fe42d92a9801fc17c9a1ab0ccf42	d35c21cb9399d3e414ea4f6e24652c6b51d0ca32c5e04d6789bd9a6a0cddbe5f
receipts/row_000624_receipt.json	133ec17e97f72062ee0bd6e68c527dd0357b66e85278ee9273cfd3b12efd5482	ba9b0cf00e80949a73196af82c1f4a80287ef5d8ff09e1ac0344aa63716915da
receipts/row_000624_verify.json	72cc1a0782a2ebe59c4b5a77eeb443628e4ed960c0b39062d5e69c0258a9467f	57148a0c6be196dc4bd92413e79f9d86a1ec2e077b4b00fe33ee7b2a57436031
receipts/row_000625_receipt.json	20053da2f6f5ea907be3f6c0c6c91723e9afd99287ab871e96473390abbb5e16	ecce6e733e656bac654d97c1fc67822da3e07eb7e3e50b37d54ea5eb5536f978
receipts/row_000625_verify.json	3682b8e87ede5a386864c0c9e833eae99225ea7b8b5d632a84ee3daf3cd07c49	277c2f0346d1b651111ead72f6bd0aa7aa55836725a25ea8416706e76064a3c9
receipts/row_000626_receipt.json	6bef5dc03ec9608ae809144d03e069127df514737f1951bceea776b66524d1d2	36b12f60f9476a6cdf8e532ef7c74021919b2b2ee5bd6c932252920d608590ab
receipts/row_000626_verify.json	217cc806e119e5faaba45e270655284c4589c42c9d1dad40f760e2d1b6c694ae	bd5f878d1cfa42d2dba86a3cdcb0f5517dd8f851c072cc695872539286a98699
receipts/row_000627_receipt.json	3b0a3ea168500d6a28732ced97e55aa2e0ca9e457d4a8d94aeca5f20981fe8de	79df42240eb3a2662abcc86c87928c959c3e1a1f72932fe2bb95f746fbeeb9be
receipts/row_000627_verify.json	894ba61c166b4e8e7f3d0c40c135bcacfefd792d55dc9a11e484224bc125ec12	5e1be9d30f6be72f0707abeb6e5ac69494eb38e90d4ea69ee40dbe2be9555fdb
receipts/row_000628_receipt.json	a066ba84170b9226c560d469280755e46af603aa60edb12e3c541d958d536ad7	416216d52bc025226e966fa54159e015dceb15731c7dee4f152fdabe4c129023
receipts/row_000628_verify.json	d3a41629a000de049158071e26fe34ee2e82ee8c351e672aa9a8e23dd6792d2d	c1a31c6ec2d56f84ce492fa7d361b6324caa4f18184fe96cbbaa1bf769efaa4a
receipts/row_000629_receipt.json	2682f285aca8d27589e1c21f0e33e486b729e31cc50465c58b89eb4d320c542e	45d588993cf6647e16ad7b8f3ea97742a5dc5051031e53a9c1a5ead201954ff4
receipts/row_000629_verify.json	ca5b69dbdd7c68da2b2d70e8365503000d31b26de41136fea51d3c66a836ee0f	5540f3f3c0e63713dabe9c77dbc5fbe064a378137c4c08b997d0f97e0230d3ef
receipts/row_000630_receipt.json	c685b12b65f1f8d15d1bb630c91241b683f5ebaa8f6496e0a50c9f9c58ebad7e	34daf4d5cd15592af425fb9d4b0bf2d01cbe603a1f1d87a022404705c4500636
receipts/row_000630_verify.json	9b99854db01dc3e18f928730a283e0c3314b8e84e811bc19bc64b5cc6d88e948	aa2991d2b27f83233df35d40d111e2b2bdeaa5c9b1503187f6c5103339c5d041
receipts/row_000631_receipt.json	3b515f91b71729143645e327308f433de64b5727636e807480093e05c9d7a77f	5e43119ad218382a947923c90812f493072eb63e07cc744fabcd593a6580810c
receipts/row_000631_verify.json	6d971f01cdd9bd5165e1f3a56c5a2c5bb647429b2e12ff2c1a8bb1d85b352ed0	c930c1674555b94cfa476b7167fd815a50a86a07cd05d982c691e8bf50666514
receipts/row_000632_receipt.json	f7207c1ac57f97aee017a10455bbec337eff6a6728d1d8d92291f2db48e7b88c	b8a5baf829a6960d02a9389efcf4c328f653dcc8a19e33581b7e813a4c467e8d
receipts/row_000632_verify.json	63775caa254bb1198a66adfc1b8589efc75d85ab1a3fc5c8d72121d64c159182	9309e6a8e06bb043c8418ae0b7556ce70d9c9747c5a07d62e37fbd5852b9485d
receipts/row_000633_receipt.json	5688f2d5073f3552c920b5fc79246cd1154f43d01fdb55fb55c7861ba9f1d5fa	650854c242597b31713dc0fe26c3b7de6f56af69c2bc5e7b823cdaf3fc9da0b2
receipts/row_000633_verify.json	1b6e249ab7fbcf600d614d017785907277b8e7dfadae0f92e806406de05e91cf	c66c28499f650f1b86c1196a7a88494559f3ac0a2217b94b201a51a96211aff2
receipts/row_000634_receipt.json	687dac73774d68ac858391feec8fc7f76e063574defd28ab95aa0c73e381a658	0708f83435dcd624f8dd63dd4a462a0553a246c8e7768d18e900dc25b370c9b2
receipts/row_000634_verify.json	94362203800f1ff95a083f2b87374a78aec2e1a5037f392977581c1ffea028a4	d91ffcd36f5ba9ba88807c2d355a7e8eeda634a7f5ac3119e9de0c4660489726
receipts/row_000635_receipt.json	d24d6e69ac1e884340b63dffb48c97799520190ad8668a10f161ce3ba73fd997	af353ffd67f912cbf43fa7f23204d232fca1f70d9a6d9982f4be5985160a3ebf
receipts/row_000635_verify.json	b0361bb4d7755c27117695cf5473c17f075af15815dd692a55bd1493b4eafb0d	4280434823e61fbcbe55ec24539e870d17659d795d03c9deb740a43e743656f0
receipts/row_000636_receipt.json	06bd527e10f21f46d2f0638421f9062a1166003d14dab3e821c647fdee75dd68	ab8eea7f6bc64a3c345ffc61f8d1184ea70191aefb5ca8c6a9cdb66ac3983357
receipts/row_000636_verify.json	2e63990f0df8825cbf1fa14d91da5be8676991579d6adf8e213521ae94b1e0ae	13be37996ee8ee16c8a99449956ab26dbf8f5dbe8b0c366510cda8ebeb66c2ba
receipts/row_000637_receipt.json	b4057a9d0eca7b23074144092a6d15d08de095c66d1b0f4fe9c16af4c0dd5b7a	0e5c0946dc9f7ce0a4756e97500149f76eb04f7dba13dcfd2e23d94841f95477
receipts/row_000637_verify.json	934b836542e3cf5711758ef21531bebb65a575ea2a475b8d2f493d81ccfe5bed	a58518637e66af18268de2e23155058e9bb4479bcd3b43c97998f22bd5b7e686
receipts/row_000638_receipt.json	85ba0557957a62969159e153ee0096f239518fd4f2441ad69e3436525f4f61d5	31fe627225a61cbcf50c535eea99ef8e8fee241a6b731f46bb3b28d43645ea00
receipts/row_000638_verify.json	7a5412689f9ef79e4caf3080e291dbe8e4d39d24720fb4cdb6ef4dc280ea9387	53a42beb83b0a3a12d06dd1a9f18162012a6ae4fec8d1b0746fffc257a3bc45a
receipts/row_000639_receipt.json	0ce60df2c873561e155f31347f0cda680973de11489c43942e936a5c376cba3e	1bc3be22cdcbf8169d8e923e8db03de5d46c69470c2308bf7f2f76fe6da4eb07
receipts/row_000639_verify.json	004d70ec162df7a6205b6c87961b4a918da3dc95d4ea6f06c2cad267fbdab148	add9d5fdc06747db8c38f6ccbe37f2c85e249cf57fe7ca666e3941c24c621d6c
receipts/row_000640_receipt.json	1547bb44701d26c0590b83bfe966069c0f663d4e0dac9c3eeacc37d59af037b7	5d10f8005ce74a61be8a347e93b59afa0a1dbe83a72751ba96302253c79174eb
receipts/row_000640_verify.json	0a829b58b339e61f509dbcfeee54b85850ee673b074a08ad683290b8c137b0bd	22b3695a9fff3101d6f50434063fc78cc88f6097e21394bbf7e34b1439640f0c
receipts/row_000641_receipt.json	6db3f7039b7814e3f96df498388ea58367aab90f0f00abfd448bcea78b41ab36	4b419a245c279059304994f7afa49ad61566db8b3c18993b35dc04d07ea33c1d
receipts/row_000641_verify.json	c0de0cf55760cb35e41b1e7f6aadbafb8942dc633877317e7a364f1c4c2ab931	1b59f86ddc9f005e9abbc79d8b8dcd83709d703f8d0b28bfe29985ba372dc1c2
receipts/row_000642_receipt.json	40c59f644876c79216c27d47bf78cab6a32267faa3c7fed37711ba65cd677fc3	3e5a505d31aee0e13fd9cd400835cf52b090148b8dcfc99ed123455cb5de16e2
receipts/row_000642_verify.json	aa8b68c56b57f3448dc1a19f46568fb29fee0241af241f436ceeef34e5938ff0	df3c8b728c5ff69f954d582cd1627c93dddde6036a68a6d3c650e3d38d740781
receipts/row_000643_receipt.json	e02f25796f197a1b98309171fa7e492fc7ebb70ed1638cfdab83c938d3df62d6	7527395b06534d3f3ec19e75ad3f7e619aba3b217d48089302f6bcbbbd77779b
receipts/row_000643_verify.json	9334b4b020c7129f4e69403e635c1cadd1169c24f0a649b488c1f97f9a80a5ae	d8a119e2652326c93c1872f910c0991aa9fce1c09d5522aa0fa1639317952993
receipts/row_000644_receipt.json	328a2c97bb6350eb05e41e633887832b237ad5fd179a288988ce6479a67feb02	54a4c6439af00eed55516ced2d1ec2d1d29bcbb7376aff7a40ddb3a44150960b
receipts/row_000644_verify.json	be50b97d2767487454e1742acb412aef482d90abc74df1908fb02f83475ea55d	31ab1434efa6e2a95c3f04d8dfcc1a5fecb9466fbcf194a9a984b4f62f459b8b
receipts/row_000645_receipt.json	dbb96e446616c795f8db0bcd7ab205096d501ce9fef3508490164a0589a87216	7edbc78c70f5e6cf676478d1f229408266c4dec5734ee611155680de4bc7c269
receipts/row_000645_verify.json	38505ad1822732dba510b089f2f28ffed2b458de11e8a68138588183377ac0f8	c02cb5950e2d5d3a7ce2cc2c0577b01fb71137cda9f7aeb75e25773c743d62cd
receipts/row_000646_receipt.json	0d6588a6e767b8e943c9781686cebf318071572983bc10ef050e165af00602dd	9df7b567548e71866f9dd8b7fb04aa94a0537f85365e68f02d36f304925481f2
receipts/row_000646_verify.json	8ae9355b641a54fec8309e0a57ff937738528b6381f74fd0a1e73dbdee615f7f	8e0ffe0641476c2e953a51724898c8e2f9ac683731671888751918e5a8cd7611
receipts/row_000647_receipt.json	e7be64e32a961449ef5639f8b0fab8a5b112f85a57b0c3ac8d6b9b8d96ebc278	ada0db43649580447bbc964bc49b92caf59a269a0ed8b5fe487c92e8d216e2a2
receipts/row_000647_verify.json	aaf6448c475980bcb437deb71eeed6647ed2134da2a98f3bb6eed9b88cb74af2	9fe30336639515ab688e210748cfd2d39511321003b2134cc4ea03bbe5e6294d
receipts/row_000648_receipt.json	3bec0025ea853b70d2aa1ca4036002880d9c49fb28c030c8370f2bb3b88e2279	add6e983651553ac8c2c735a031cea6d314176e8ece53f385e6a444b983b481c
receipts/row_000648_verify.json	bf2d1437c985f2a9aa73337e02a226a572a5570971949f081be7d810b1438876	1f742c010de2415646069587969217b621acce5ac3e919d09a2b621558a1cb6f
receipts/row_000649_receipt.json	2ad8f8e81dfc9914e7dbcb4ffff63c39546f46d5f6601547c338846463e84bf9	ce7d8dd12dc376ec5dcd3c99024fee08870b2c48f6127b1c85735a0bfe56d845
receipts/row_000649_verify.json	9ef26b868b8a196d7fe238fe934b225308f9f049c1870ac63d40ba4564af7e56	83be59c5ee6ddeab1b000e0a3512eeef15ff32c734acdef07b41c88e0ad2ec4b
receipts/row_000650_receipt.json	5f0d8e6ef9c983e700538b283bb628a5f28e9accb08756fcbda823ebc3f86cab	14ad17e6e85238a54b36a2be34630f049032c07833a7d760ed4adc32606e2965
receipts/row_000650_verify.json	1a31d0806aadbf125cad3df2647cbc0d520f08f2eebb99da8eeb4729c875c7c8	711f839304df02046d4821662827e520500deede7d9e6769af3871df0dc0d968
receipts/row_000651_receipt.json	13976eeb6c2cba46d2ec1d851ca6ce1ff8d629a62e407d4882e352abd8073035	35a583521ba4a40e096e085647d1b737ceef5a9d9220a23cec3954db71581c22
receipts/row_000651_verify.json	aca4caffaf235ca91549a172dd46f1b0ba643ec7b89e3bde20cc3f68f4f1137b	a0a3d007bc58c1e7b0b414b9ff2961f2729f082c646e07a0d2289e5760b1a9b4
receipts/row_000652_receipt.json	db6a4844075537e4da997a7c4f8517c1e7fe2b9bd27d6cb1a3d050060f17ddeb	f815e52428df1513eef2807db9347e3b9646e1390a8aa420e779840eed84ed2d
receipts/row_000652_verify.json	faa8fbe279d2e2e824886140569c11793340e21b86c128a2644833384768b70a	29dd6d1d49e1777da60fddddff8ca0287842e20e4f4c6581324304c401e16a88
receipts/row_000653_receipt.json	729a15824ce810bb09513ac00bebf238520cc309ef50003e11b3f3bf9f6f8b96	c6271cc979d99f8f817bfa4b9487a4522c019aba18b6b1e4f43a3c233dfdcaa6
receipts/row_000653_verify.json	0cd22b28963e55a267208f7e79505aa151f571feaf171adca79db980cc7bfe4b	535e8311e855681397a8a2d5b771d92c5e9e7d0ec167840fcf7c29ba31fdc6ab
receipts/row_000654_receipt.json	8944b1b618ed63992b7d71d45a24d956a7274780e4519c5ae68898893ee78210	6fcdf4c7dac65bd8488606a464c89bb94d585019abc110e799b39e32e3df8d17
receipts/row_000654_verify.json	e9a40449f8d25fdc647ea89fd8f99b601a44d6220572ada9fce08e18f5f76a8e	eb2c9991d670dd83f08abf2ead5a769875b963627e243c43d1566412262c98d4
receipts/row_000655_receipt.json	0707949db04ca316888f2302a42897322eb4db6411787b422e32407cdbe0d46a	a69a409b156ea47a87c20c05522c2ac60231b9e2b060bdfcabe027d96b5627e8
receipts/row_000655_verify.json	ad327e57faa68fd2c4b9d42299d3fc4ded5e5d28905b5ebd88a40d53d2bf8a76	abfa663bbfed3a74d09cecc36b33f545816cf2097c05e592089c63b4750ce2c6
receipts/row_000656_receipt.json	80945b07e41a074f4f28aa1c744107d983a0b6029394b62cbafbfa11a4998f13	fb50f20752fe1ee13e32b8666399b5e69b807b27dbdfa7659d6436caccb8080f
receipts/row_000656_verify.json	3a3ff0d66e5c96eb71b8f4ded441365597015e3135c7d361e2522f1fbb30e23f	bdf677b87d0546553283c6d292126de6d5ff8778883815ecb27afb3e490bb139
receipts/row_000657_receipt.json	48eecd000465e9e19a3ca951a9af414e8ff1a8ce512d0e49b5c782b021f1a8c2	71d05649102239cf90f82c3925bcdd27c0b3fe3e13f05715b70eae0ffdb46914
receipts/row_000657_verify.json	7807328b0e3b39d90762c2f4895fcc0a02fbede00ca5bc88a6dfbe0b8f0c6697	bf6c972a2ba722eadcf4513ce02080eccb1cb4c6bb4ae9e06eef4116fb96bf06
receipts/row_000658_receipt.json	a9f8b1ae2186fc6d03cbd6e757ec0f7c7589cf0442e62408a4b4f071579ddfcf	e4825b73895fe459eb8504a2a7ea682477739ca885d640778148a9356ae1ade2
receipts/row_000658_verify.json	23253c9b5d225e290bc179a90aad8fa2aa618b6ef5fa999ff40911550bd547bf	ab57a91426be1e6d166beee803011e0d47fb7c82da4db0d5ae2327aace888987
receipts/row_000659_receipt.json	b4bd69605132a54d5d86f085aeb26e74705202ddc6fd75bfc35cd6f7b747365a	3b89390675620cbc6b4258c55a5fccd75b7f0a4b69ef194b0ac2c1d2440acf0b
receipts/row_000659_verify.json	e69a62abae678f55fa597ec650ca7dcdea490b1a96e5d5f734fc2bf1ab78f843	1fb58286f5095930912a90e53a823355c0fe6381a78c42ee4faa00f57de25f4a
receipts/row_000660_receipt.json	4f312ba77c4038e379893ecef75a659d59cf087bebdd3256ea501c3d49e8f99a	220172a6c7ad64718f12c81d20a7c7b9ca02165e70ca100133790343b0d2ac6a
receipts/row_000660_verify.json	396704a2822192a2f57453e7514357ec52dfa825ae059387b9b2b2369edcd92f	e77cb0d29c7ea3862159840bea8208626d2621331d4381fc6fe6c205a292a2b2
receipts/row_000661_receipt.json	9b50cdaa31e8b57fc6236d403eacd92c782ebb60c0523683d311184994f06ec9	a8ee39f3077a829302a3066ba873fc8ba4fe0adfbbc9c47e3fbe7254951e8a25
receipts/row_000661_verify.json	bd1a384f441cb68c6f98570fc465839d8b26e1790ac93975c744247cdee9340d	fb1fb234ae3bc4befcdd51feb4156861dbf6240341226aa26a5a4398a45618bd
receipts/row_000662_receipt.json	60cdd22403d95bfd5ab4ff8a9261ba7e90caff42488d606cecd17a749ca9194e	5732905e3d715070c1f20c13e09fb3da4a19109cb5e180b857a8c7be310fa674
receipts/row_000662_verify.json	698b11e7e83f6019c25713d36540b21b850d1330dddc068049efdc5edf39d993	f555a6746516abeb34ba8a746c724ed0cbe72d063177cd843a1935a24a6d130c
receipts/row_000663_receipt.json	3d4d33aa5ba2303aab2139cd505b655dfeb5b836848393729d8449d98d757d17	512cd0a92c645cec37dc0b51e65b515670b42da7427cd7d1e2458d734ba00b62
receipts/row_000663_verify.json	3b854995ed0068f648785f48a546876091396853fbb47d392fd38f899889dc18	c31ab526b0e58df5f4a66859555ed6b9f000a8e052858cd31e21904919171c0b
receipts/row_000664_receipt.json	bfabae013edcb3c56e2c512098c732356d0167970cd2b04a8520bb06d30f03b6	8e82741ef9d382cdc35ac5235bd61d23c407cc8d6d1a7837af71cbd2721df6ae
receipts/row_000664_verify.json	bc1cea21412aded3ee07eac6ba444061072508ffbf35b7d796c7bebf3ee56d17	8b45f3b5f44907422c17de0409a26dbdcab25e7158e93b5c4389386a9ae216fc
receipts/row_000665_receipt.json	cd513e9c48c4ba7d09fcdc085414dbfa3c91487cb23788486ab3956d24cbd1c4	22b2d5494daf1e5d6527327a8f153dfb6a11699e52a4800770a460e85ad397eb
receipts/row_000665_verify.json	77c10e3480c2b4cef7bbe04643011dbfbfe9fedc5cf4e4a68aeb96e33e9906a8	a196e33ca9b4db83ab0c8340f25899ac15bece0b9b02486b55339bead3e1657a
receipts/row_000666_receipt.json	4c2cde2a50b0c9ceae15fd41a7eec0402d32008446767862eda73fd8f952fcb1	552edcf166359adc84be2cd4b95274fa6b1ccf37817b6ef980e36de71afa04e4
receipts/row_000666_verify.json	2d4c66d8f542e59b60c1e282a52c45328969a91b5610cd02e649e69e84ec67f4	3ba0bad8576730a066f2c72ce014865163d5338d466023de7a975f3820646f0f
receipts/row_000667_receipt.json	dc4576c186c1920a4a82792b0890725887aa57988e54aeaa79554cc6e4d2032b	963d1a03ec3820a127c0dbc03f472f7b44f67602f9306db018eec26236378aa5
receipts/row_000667_verify.json	459912b12b2d2813051ef9ffcd9763771a032eaac3ba5317bfc63934a25c8455	62aa94f397d07b85b0c3103af82fbee3f3b72863e6ffc9428d57d0e3a53bad9d
receipts/row_000668_receipt.json	0d7a085f8cff40a75992d4c50c9f1c521ea3c6bcfb790324376b2fbecf9ae5f4	4156fe4e6696e608892b876fe645ddcb4af587708be19cdea956c4484c6776d7
receipts/row_000668_verify.json	4c41e960f247604b7f7fa313108de5b17738f4fead98ef0a7b94c1e5a9380f7f	b504045d6f4f15f462c91d08f3a52b1f2be5ac980a4aacdf71b6c947848f6020
receipts/row_000669_receipt.json	30208f7907d304bfb9303b545dc69e76b65e10675442789611703e5d58d2f26b	fcf097d6d381f88574e0433040b16bd2eab37a004bb35cb82cd4ef8e88dba1bc
receipts/row_000669_verify.json	3916f810d54ee9bb18bd7575045a0148c8e7b057ffe6206a16361e955c4faf64	293cfbd1f5299deaf0784d224300350878674de9e473d013ecf703575171eb66
receipts/row_000670_receipt.json	fd2443941c3d433ccdf286745277d8f01d839be7fc751370ca907370e9602209	1745f2ab3d9fadb9e91be9eb23d8046f480abb40e39fa78c773dd243812f2eb7
receipts/row_000670_verify.json	ea969ef5df84fd21f0185472d28e744e5d89f8da3949a1c59c9c0a3182c555b2	ad46a48d3b76931eae2afdb2fa74a6e7d58f984557b70d390175e5e3ab832d4a
receipts/row_000671_receipt.json	5ab62f8f2026ba8fba47466588e6590b4530a9c27b6ace7cd8a769f7a83fce4e	f304cacc6f8a0cc1a81e3e8a04f9c5edc5ccbc7bc778a259c62bd9f1afb119af
receipts/row_000671_verify.json	bbf0f049a15a643aca70e68b79007857640773da76d8aa95a94105f4442847c5	0f5336fc5b43801953cebb709dbc6d2eb1fb21d76595d3b0bb9a963085a8ba77
receipts/row_000672_receipt.json	4e17c92f70ad291c79164852a2e7c812e212e7d338a6085e0feabff7cb97f060	1a5bf871a6f9451b79d35cb6a482aba96acb6caac15d7a8bb6fb745458d18c6c
receipts/row_000672_verify.json	6fa98904252d816469d2219d054b2ef4f4e0960823be52804347a37e838f306a	f0173d1c22f75df44e37e4fe343191924534b31846c233a3efd72eafd1c669e0
receipts/row_000673_receipt.json	cd31fd763f5fc12bbd335ba491130f95decc13354b8055dbcd3d59ea6b3b0fb6	9c7dca863483b7472310bb5076417444844f101a2b1ee31221a16dd8a6146adf
receipts/row_000673_verify.json	015974980225330863053dc8b0da4a090d50d500f1d935de191a690633e4d097	b537a0660843682fdea3bdacb57c736d2f6a0278a3ce4d2691474040de66a2c0
receipts/row_000674_receipt.json	3f6c7e1181a85931a323a6beadc128126f0b2fca8bdf7ea6f1b3f04ba038c636	4f1f6094b768b4a23563839688576eb88ccee07fd50d184432b8577c4055e8ac
receipts/row_000674_verify.json	97a6efe86cf35e14b1a9b134d35c0ff2d3f634db74a82cf10239aade8a12a077	b324b2dd65d21cccc2dc8ecc89c15e01d385a4f7b45ee07e9cb5c82aea5fdec7
receipts/row_000675_receipt.json	c974188a9bc0715c70261d950b913176bea35fcd7df87d015a0821ae31a3c465	1b8e1b7f3cc7867731b4d5fad52a5eef595b9fb6b632bbffae9c59752f3595aa
receipts/row_000675_verify.json	5750763a95e01a17cb0420b2983b89d161b201d9da812f5b1e00c204d9fa56b8	f0b002cb3cdec91c05a7b4d03fe5ab5054491383da53172c1d610fe4e094cefa
receipts/row_000676_receipt.json	0f23131710ac33bcf23adea3cb5df4fc3eb5ad60eb56f65e2d7cf3caa6eb9bfa	62d9bc274c47a85e01c5aa3179e06174dda7a45c4b3d5f32bb59b1e2b1cc4840
receipts/row_000676_verify.json	ebe5a8f3aa484aadbed3f2e08d1174aab4f98839edb4160e4a5531114cbef1a6	14544a361bd1052903bc47c9957b6d90fbeddff11d165ab249f834e52d4c9435
receipts/row_000677_receipt.json	705b3c42b7ae4a6726d050d1f7e04b72bb0cacfb43d68e77068264569410ad01	b19647a96f56fb5dfb919fda20ef30876826134e52e3562d91fba3db3bdeb3a3
receipts/row_000677_verify.json	6279da6e92a459221b6011af752795f555e28d04744f2a38933924c6d93bf621	57f76bb320785b61156e3f6519ed951c72c27f167052c6922060191edcce5501
receipts/row_000678_receipt.json	bd82523e40e904bbb3cc371f8e536f06fc194f2d3ac9c14e6a456a0f7fddb890	f400edb574c1f9b898e508bee05ec4092cba9234468eb6a543acaf96e9213127
receipts/row_000678_verify.json	f1b6795b0fbbf3e2c705a3118c986dfbe34242f63e2e73285d28c56e8458b9eb	12957afde83e118bc5da1d3029cb5903072bcd40ff582cadb99984f51a4f0511
receipts/row_000679_receipt.json	17c3aa0aa616c64d393dfedca8d43fc59b82d696f489af4ad3b25ee5bc53d24f	db0f285e448f05682c58b7c84c905485d560dc6f12a46863a68720bbe62423cf
receipts/row_000679_verify.json	8ed2198ba7bfd754eeb7b7a5b5a5d737028ed2d1f1c359f5b2538f0de5993cd0	3185dd5cd5c2d74806330e6de53512ecbf67d6e9d9d770649d8d89ad17578a0c
receipts/row_000680_receipt.json	ae912622a46da8a8d891e027172ce13ba4d2deca559fe59b06a8e859d58b9708	f8b1ad55dd5f56afa4a759cf1cf4e4f1bcd8c2b74c1a52b65c58ba99ddb8d701
receipts/row_000680_verify.json	a6bce95975f2b40b2436218c329cbd26abd94a0bd427c065e8657da2a63db843	44f33d0346a6f672d01bba70b09ef3f62ab8fc0c4179d1a4b58d059556e3b22d
receipts/row_000681_receipt.json	6bba34e61efe0d0072178aeddeb53c17499486272676ece04aa37352da11eac2	eaa920f03ebe278781cfe46fca2da06a560156bbe800f9532c4db9447a9dd1b1
receipts/row_000681_verify.json	33fde633e451c6314d2c82ef3f17709c91129ae9d331eb20fd2fa9d6968f9b99	78bd0d28ccf7175a35cbebf5acf91b70f6da9d893d2e94a701114920224357f8
receipts/row_000682_receipt.json	053507817a69b6068e4ad6a8766c22d4e5f1ded76028aaff6a8df1aad296fa24	119c1189d7cf89fffea61cc61ac3a84039102a6b44b904be3d993f0eae7b68c0
receipts/row_000682_verify.json	32e8b7af110669aa8f4de535412b0cfa5904625d8643b7155a6283d9ad88430c	6fee8f15c3a3176ef0c23b7eb8853e78127c8cb9c03c9f0c68f0cae795be1615
receipts/row_000683_receipt.json	a4fe991c452f89f7120573d08d78284d547bf909ee19c2024db837f14ccc0b82	5eb4eb9dd8566932659378e6a53db1f6a63d75dad7eccfa4358992b70b880315
receipts/row_000683_verify.json	d2874cccd6eb51fd99139e641c2b2bfb8db1244863158398689d803064460ce3	fa8394f2c3393ada341be551a0b6d9ee575293ea07c2faa58e61620192cba19d
receipts/row_000684_receipt.json	d0d5e97e28ce3d4cddefc31e0c407708f3cc8c8cd1680f712e5649429ef7d081	ee3c4fab1d4e7a373d5c220366cfec3db0d408e0fda90ff1df4cb69f735274e5
receipts/row_000684_verify.json	f1eeebe887d2497d36b48487d41115e25ec3ab6eafeb4a3e22be60e66e42922c	b9907804c736a377e24daab333a377313b0f22afc6ddc789e7a5b6d0323dbba7
receipts/row_000685_receipt.json	648ca2d3b8354929eb0bb0764101100fb15a40f8451ca7d64b04ccea102fdff5	057d00ef1ef087b2f311176bb2cf0fb33bb91965b9bf41daba91d79df7e9cd8f
receipts/row_000685_verify.json	e4f4876ed408029cbdc89b7000b0dc30dc96a6c2c425c7493a3e2078e576b069	3efb8371c5b1023e3840c9b54ff070e52f04a7bd1f55e2506d09e564276c90c1
receipts/row_000686_receipt.json	7b08771a32a3f325d877a72a10c03c7291552322c43177bfe606635537aabd90	5b63b2d13787c442fd212e9026a51f112a485f351b66a9982b80e359adb9ed62
receipts/row_000686_verify.json	bc6a973909b78829f1d6475e3dfeb494cd936b2d88ab69e10855ddc70229060d	640349ddc84c416f9151bdc99d09681dbf334f976bf54c130c434b686dcc7dfb
receipts/row_000687_receipt.json	f87aab151c0f5d914378b4101c725e57ebf5e2235ae68b2c83906ae6ece64ecc	057628ac2e309654cbd55f40de7a2aaf2a5ce4b0d53f15c34d54f97672eca33a
receipts/row_000687_verify.json	bebbf9e727138c3bddbf39c8d7bd228c2fea93f25c352c7845d958d0bff35f30	0035fc76ce171b3f8e79d6b9091de2d7c9ff9644dbaa3293b7d56e2e18ddc276
receipts/row_000688_receipt.json	cae5340faed6273d5be2feff6b3d7a6dd9fc6677dad5ded72676d0e1c7634865	d934736aa31c7376d4e6fd7c9dca81181fca7dec9cfb6b47be16d322cd97ff92
receipts/row_000688_verify.json	ddf634240b6d73da8ba9daf7b8a81d48e2bdd8cd5752c3d0d0201ec4495e286f	52701c6465b96f29a17a5e228898824579df345eda7384781d385e22ebe3a945
receipts/row_000689_receipt.json	e506a717e98f5ab8f20e60c825e9cc3030f140c2de31d209387aee429554f148	64efe93d5de485979f658af6be87ecb2417a7e370aa15695eb96f69280c4f368
receipts/row_000689_verify.json	e6b8c89cf3d1e73672d5509ba005ba2cd369f17ebcf92302adea4b941d8f0718	7a4dc5222b5bc3f715d2652072b627fe7f46e16e5fceb07e2ad4e3a69a57c26c
receipts/row_000690_receipt.json	6ef9d3012d0bb27e26c11a3f121f73183f6377faf80a1c090546812052998f30	9bbe288be1185aa61cae679b75cf742deedb4fdb7d8b7ca0743bdd82eead0e7e
receipts/row_000690_verify.json	661d048d17cab82c5ad3db1279761ce35cf826542070a262c4f2844c0f2f9d60	9cf5b677498fb38abab3d82b8a5a36177e7a6523eeae7ba9d5511cc0a1c9945c
receipts/row_000691_receipt.json	a07f081c4a451c8a7b688d8a6bd8b1b83876994d16230595dc7036a2a694fdc3	5b97f4a0d0a81268f4e24fb15893a525e7992b290beb05638737bb68a6d3bdd1
receipts/row_000691_verify.json	d0c1655b8a9fe7bdce9fe3a44947e46369910b7e5e7e350062233d47da2250cc	afafad7b7efdbcfd847d366b2f62c20a5a8f933847088694a5bbd84f14960f35
receipts/row_000692_receipt.json	a1b0604facd146f2bce01b389a5f3bea1ba13c153250619181957539d290f763	cc7126996987a9d2f635ba61f3b92a3bdbdeef7c84e650fa8118c30af0aee7d4
receipts/row_000692_verify.json	9312ba68edd1e23cfd2f0f39665468d2d5bff690034e378a68b59dc785db711d	86411aa321a36f1eacaead5b42633cce02c754d7fae160ae49f1e8b8dc3d0104
receipts/row_000693_receipt.json	c5020f7dbeae03af01dec7d2cc72d0b449599d0c376be1d70372ff7c0d4a7e13	8f0eb04a6efb5759086f770f45e18e4c63bbcffb2c6d1923fae8f32e617ce601
receipts/row_000693_verify.json	3803ac559f2539932f2c4f32ed29ac349ebc5c5e09b8d3de61eb470a2b8afccc	ce198555084401c8264f1df836fb5a3c65d915bc8e1673f63f8c828dfeea6042
receipts/row_000694_receipt.json	53e3fa3bf406301bd3e8fb8d2c65d45dfc788943708aa69ddf64ec587dc25573	349dfbc5fb701c734b212cfc31204847a9e7b528e6d0a3091302c96feb8010cb
receipts/row_000694_verify.json	3e2cd7181ae2936b62910b169e69d0f233e28115fda6643f530bf081c7c5b5da	e85f1eb4ddb76ffd7814b6b0a180603187555beac0a5caa45f432a6e5bcc6d1c
receipts/row_000695_receipt.json	8f2fcdbd2e23be381de817dc6207fd65c46fa73e4ca10a4b2ead0796141c3b9c	cd2a4fc490fdbc8940e6917ca5e99ae0eb39d10e21b0129fcadd544925d0b661
receipts/row_000695_verify.json	4a8025df52383e9bad24785b38c12ab835c352b1f8677a42d5f45c3f42b33989	e3102337601f93135c8350a472377cc76acec4cfe2611a35170eac79b17b16cf
receipts/row_000696_receipt.json	913ba3cebe950de69cd7af8e0fc0223f0f8f49bf3b857b6fd044a23da4294a46	3528b38619d4fd27858b14293c108760d04dbae570145f9fe5b5e1a2f3e27fa8
receipts/row_000696_verify.json	de890c2c46b165f515a01cd473d55299f71c1c4b6f13a40aa5db46b34a2dee39	3cee8605965eaa71e256c49639fab0bceedf70d564ca7f6209f02cf6a37b543a
receipts/row_000697_receipt.json	bcda26b2f510f7ed5db54955b06e7c2c56b31d99f2c82acd27940b175d094c25	e90c580299e16b835c086214464254c22a6a4f567a7c16c4d71c340bee61ecf6
receipts/row_000697_verify.json	5b8a64e850a95a0e119a59461a2df4f3ce41d0d8d011964d533105aac84da45f	70110570477bf7051bb8797b2bfa41b015535b5b4437bc97c85c2c5de30aee4a
receipts/row_000698_receipt.json	c4ffc7f349f79f3ad51c672c54e3aa67fa406d678021134f05a4d42ad43b914d	77efdbfad00e4a8497aa5f7772b30e1d8d430b77786c3328bbef34d2e0693c1b
receipts/row_000698_verify.json	247fc2396495ba13fc4e989e1ab82b669bec65c5ea0f10505a2ff8d533034aac	eb8558e3097d52311eea4a2158169f929cf8d42826f25e5d66d2fcc448013ca2
receipts/row_000699_receipt.json	afe875289f164fc9dc338cc4ca64e8eb3169c4b3bb04293b2be3f37750bd1708	690f11f2e422f7c2dec1d76de33db429f34a3f48e275479db372cfe594a34212
receipts/row_000699_verify.json	48a3e33ba927eead2ac71cf8993adbc3de883018744da23b753d4627a6f93905	b70eaa5472468c23aaecd24351cb5e9ca440037be13811514156f960d90b50a9
receipts/row_000700_receipt.json	591e4257f7fcb1d58f12e8bb5688468d6ca7fa9b1755a5d36bf7eab0ad778f2c	81c8894e5ed547178e06e5b52660ace596fe95cf2aec62f3fc3e1125e5d72cde
receipts/row_000700_verify.json	984ddf52d60e2142a74d70483ef196058c4483836cc72a24484faa2bcb02ce1c	08e245e19ce5cf81c4906dde42ce34314a6cefa678be330510f2e9fa4dd27cc2
receipts/row_000701_receipt.json	a96734f92e795139582903488327faaa54ff210e2f32441b080c1cfd0f25c95e	459f27a55a58aba87a989ddad6f0f917a6240fd45702ce848622a2897a040d06
receipts/row_000701_verify.json	3fc0b3835e8e5ef31d45001849e6c3a56b554ed633dc78db1c4b48fadf84a279	64e257d62f92ceaa74e09fbde1b3aac05d186cbd83db831b04f38a79dc701838
receipts/row_000702_receipt.json	069630521069020bea2d7e69a76455acd5971565c1168e0401f3e0d4d9481d45	bccae4dc6a2ee7c51278706667939731bb2784a7ae1ee3d5b8f4e5dea2dfe2c1
receipts/row_000702_verify.json	cceb084ec556da3db17d9c975dcea617f126d904df5b270bbbe22e90283d0660	5249e58cc945dc11845bd407588fe3bc67d9fc31afc651345720174715a7145e
receipts/row_000703_receipt.json	b407e1204b69076cac287f9a4c8b8f27ae3b58899f634558e676b069726d6ad0	b1861ebb259053b8a5c79154331227714e0f19555a26263e518ce58d572a6187
receipts/row_000703_verify.json	b62af9b2b3d4cb404621423d9dab8ad66cb4e6339c382ad234f5c5b6c8949eff	f7750448647bb0465a917b9624a1bb868b1bbb92e6402acc3fc5177e810cdaa1
receipts/row_000704_receipt.json	46b830e67effae6eed453674d6c0be77779a1e89429f8191f6d08f8b41f6a7dd	067b05fd70661e328d81745568de9bc65c8b59ab66de970b0923a57646d12035
receipts/row_000704_verify.json	e943a344c43217dd3e7afcc0fff5086a8609c7a23c2b61b5dc57074ef65ac323	9da881650dd25dc292f3ea723585f435acccbfb892339a908a0010ecdeadcaa6
receipts/row_000705_receipt.json	278242225af31142c7f4805eed7b637c78cd13dc08313b0169bb9434a59a02c6	4ff96b1d86a7947143a4efc0f7abb0c5b755909b2a4178ac9bec5bb9971c3898
receipts/row_000705_verify.json	2111f6e6eafb5a4edb5dfc03831ffeb16590457f3ce4953b3e24d7eb37eb0841	f6195dbb6ec52611a019a327d21291f84398978e70872814fa3d5e72c09685f5
receipts/row_000706_receipt.json	673e02440e20797198a2d31d9c521d4da5d6fd1eb1e5bee66666cf9aac22bbaf	f2a6c2c123fc004de00da1efb7720f90d976849a4e0bdb1f149a60c5fd0f3649
receipts/row_000706_verify.json	d9461ffb11dead662e37e810e53b4b3c84bc911ccfae431e51dae1fcd8e1c2ad	ef664fc390615771468bd377f5e933cc5e90bec967b808fcb2c0164bec8243fb
receipts/row_000707_receipt.json	f15a7666a8ca5e94fcab5fb931704bc7c958e159fbe5b2c8d242f46e060da1c2	707c60b10270968fc33a1a3c8f67453312239d626eaa685c7c4a79476ed2d60a
receipts/row_000707_verify.json	7d224b53f117bae3bebaf3743eb3bd680f985c7305c978c6d3aad658b0fcd7d9	03fb201ace935603c2487ec04fdc9e895bff4b47f2b69a8e83649063963a3202
receipts/row_000708_receipt.json	605218c571b646dd7eec5fbeef3f61e2a4197101c4ea71856425ed7d4c04d865	090b82b366ade3a97fd18879fbc448506dcc3ec5071209cc1e7b0626e66d6262
receipts/row_000708_verify.json	e6652c5a21e1d8b2942ef5aa3c8083cf5fc92d674dbc97d8bf6c3195d99b9ab0	975420dfb28796dacabee7921f5e9d7472aedf528ce928fc909107245bb72785
receipts/row_000709_receipt.json	a6dca55dafd4de2193a5925230dbcc49cbdd2466da5029969c3faaf233ad2d07	f484aea19a7f19d4e0bf2d1af19cf7dfbac39dfb056d947e90073596637a3190
receipts/row_000709_verify.json	a1e2b3578cc6317cdc082738e73ca07ded31b76e7bec45e015a7d05607e015da	9f821e4aed521ed45c11792227551f025e5a56628988ca56ce73aee474f23242
receipts/row_000710_receipt.json	2d335fd8bca4b44181376e30ff9ac6eafa519230bb63104fb874e312a0ff5c7a	b9e7dc0df313312f307281099259e9fa86ecdfc84110797a039dffe13438f0ea
receipts/row_000710_verify.json	3c34abb9694f521ba8590dcc11d8676dc7f9ef2f6d92cf778797596594188fcb	92cc217d5c2b1a83bde1ceeb3f8685cbc80e3384eed52c1294d7a5b2ae71267a
receipts/row_000711_receipt.json	6a34b5f4aa7a217c1b573fa5c2772e157b10eb6ceaf356bc170d624e7fe5f05a	0747e562554b100fd78f6014ab2c1e896ec52541fa7673e7c0c57f3d5c54739f
receipts/row_000711_verify.json	3091843c28715c25676bf9b4e22fc96dc79aa5a3d2e5da855c272b2c5ae8e53c	8592ed0169c38926cb27fe80857202e3992c753239aeb4c7e787363b1ed463ce
